Workbook
Name Slicer_Department: #N/A
Name Slicer_Employee_status: #N/A

Sheet Instructions
B2: HR Employee Practice Dataset — Data Analyst Exercises
B3: 350+ employee records with realistic HR-data messiness across 3 sheets. Work through the tasks in order.
B5: 1. Data Cleaning
B6: ☐ Split Employee Name into First Name / Last Name — note some are 'Last, First' and some are 'First Last', so a single fixed-position split won't work for all rows. Try TEXTBEFORE/TEXTAFTER logic with LEFT/RIGHT/FIND, or a nested IF that checks for a comma first.
B7: ☐ Standardize Gender to just 'Male' / 'Female' — currently mixed as M/F/male/female/Male/Female.
B8: ☐ Standardize Department using the Lookup_Tables directory (some rows say 'HR', some 'Human Resources', some 'human resources', etc. — all the same department).
B9: ☐ Clean Monthly Salary — strip ₹ and 'Rs.' prefixes and thousands commas, convert everything to a plain number, and decide how to handle blanks.
B10: ☐ Clean Email — trim stray whitespace, and flag/fix addresses missing the '.' in the domain (e.g., '@companycom').
B11: ☐ Clean Phone — some numbers include a +91- prefix, some have a space, some are only 8 digits (incomplete/invalid). Standardize a valid 10-digit format and flag the incomplete ones.
B12: ☐ Fix Leave Balance — some values are negative, which shouldn't be possible. Decide whether to clip to 0 or flag those rows for HR review.
B13: ☐ Remove exact duplicate employee rows.
B15: 2. Core Formulas
... B39: Tip: the Employee Name split is the trickiest part — the two different name formats mean you can't rely on a single FIND position for every row. Test your formula on both formats before dragging it down the whole column.

Sheet HR Dashboard

Sheet Raw_Employee_Data
A1: Employee ID | B1: Employee Name | E1: Gender | F1: Department | G1: Dept Code | H1: manager Name | I1: City | J1: Email | L1: Phone | M1: Phone(remove space) | N1: Phone new | O1: Date of Joining | P1: Date of Exit | S1: Employment Tenure | T1: Tenure | V1: Date of Exit(Year) | W1: Employee status | X1: Monthly Salary | AB1: Performance Rating | AD1: Leave Balance
A2: 5304 | B2: Rajesh Trivedi | C2: =IF(ISNUMBER(SEARCH(",",B2)), TRIM(MID(B2,FIND(",",B2)+1,LEN(B2))&" "&LEFT(B2,FIND(",",B2)-1)), B2) -> Rajesh Trivedi | D2: =PROPER(TRIM(C2)) -> Rajesh Trivedi | E2: Female | F2: Customer Support | G2: D06 | H2: =_xlfn.XLOOKUP(G2,Lookup_Tables!$A$4:$A$9,Lookup_Tables!$C$4:$C$9,"Not Found",0) -> Faisal Ahmed | I2: Mumbai | J2: rajesh.trivedi@company.com | K2: =IF(J2="","No Email ID",SUBSTITUTE(J2,"companycom","company.com")) -> rajesh.trivedi@company.com | M2: =SUBSTITUTE(L2," ","") | N2: {=_xlfn.IFS(M2="","Incomplete",LEN(M2)<10,"Invalid",AND(LEN(M2) =10,LEFT(M2,4) <>"+91-"),"+91-"&M2,TRUE,M2)} -> Incomplete | O2: 2018-08-03 | Q2: =IF(P2="","Missing",P2) -> Missing | R2: {=_xlfn.IFS(OR(Q2="Missing",Q2="N/A",Q2="Still Employed"),Q2,ISNUMBER(SEARCH(",",Q2)),DATEVALUE(Q2),AND(ISNUMBER(SEARCH("-",Q2)),ISNUMBER(VALUE(LEFT(Q2,4)))),DATE(LEFT(Q2,4),MID(Q2,6,2),RIGHT(Q2,2)),ISNUMBER(SEARCH("-",Q2)),DATE(RIGHT(Q2,4),MID(Q2,4,2),LEFT(Q2,2)),ISNUMBER(SEARCH("/",Q2)),DATE(RIGHT(Q2,4),MID(Q2,4,2),LEFT(Q2,2)),TRUE,"Check Manually")} -> Missing | S2: =IF(OR(R2="Missing",R2="N/A",R2="Still Employed"),DATEDIF(O2,TODAY(),"y") &" Years, " &DATEDIF(O2,TODAY(),"ym") & " Months, "&DATEDIF(O2,TODAY(),"md") &" Days",DATEDIF(O2,R2,"y") &" Years, " &DATEDIF(O2,R2,"ym") & " Months, "&DATEDIF(O2,R2,"md") &" Days") -> 7 Years, 11 Months, 18 Days | T2: =VALUE(LEFT(S2,FIND(" Years",S2)-1))*365.25 + VALUE(MID(S2,FIND(", ",S2)+2,FIND(" Months",S2)-FIND(", ",S2)-2))*30.44 + VALUE(MID(S2,FIND("Months, ",S2)+8,FIND(" Days",S2)-FIND("Months, ",S2)-8)) -> 2909.59 | U2: {=_xlfn.IFS(OR(R2="Missing",R2="N/A",R2="Still Employed"),"Unknown",ISNUMBER(R2),"Exited",TRUE,"Unknown")} -> Unknown | V2: =IF(U2="Exited",YEAR(R2),"") | W2: =IF(OR(R2="Missing",R2="N/A",R2="Still Employed"),"Active","Exited") -> Active | X2: ₹159,086 | Y2: =TRIM(X2) -> ₹159,086 | Z2: {=_xlfn.IFS(Y2="","0",LEFT(Y2,5)="",Y2,LEFT(Y2,1)="₹",REPLACE(Y2,1,1,""),LEFT(Y2,4)="Rs. ",REPLACE(Y2,1,4,""),TRUE,Y2)} -> 159,086 | AA2: =SUBSTITUTE(Z2,",","") -> 159086 | AB2: Excellent | AC2: =IF(AB2="","Not Rated",AB2) -> Excellent | AD2: 9 | AE2: {=_xlfn.IFS(AD2="",0,AD2<0,"Negate Leave",AD2>=0,AD2)} -> 9 | AI2: {=_xlfn.UNIQUE(F:F)} -> Department | AJ2: Head Count | AK2: =LEFT(X2,1) -> ₹
A3: 5129 | B3: Pooja Trivedi | C3: =IF(ISNUMBER(SEARCH(",",B3)), TRIM(MID(B3,FIND(",",B3)+1,LEN(B3))&" "&LEFT(B3,FIND(",",B3)-1)), B3) -> Pooja Trivedi | D3: =PROPER(TRIM(C3)) -> Pooja Trivedi | E3: Male | F3: Finance | G3: D05 | H3: =_xlfn.XLOOKUP(G3,Lookup_Tables!$A$4:$A$9,Lookup_Tables!$C$4:$C$9,"Not Found",0) -> Leela Iyer | I3: Kolkata | J3: pooja.trivedi@company.com | K3: =IF(J3="","No Email ID",SUBSTITUTE(J3,"companycom","company.com")) -> pooja.trivedi@company.com | L3: 3302610219 | M3: =SUBSTITUTE(L3," ","") -> 3302610219 | N3: {=_xlfn.IFS(M3="","Incomplete",LEN(M3)<10,"Invalid",AND(LEN(M3) =10,LEFT(M3,4) <>"+91-"),"+91-"&M3,TRUE,M3)} -> +91-3302610219 | O3: 2020-06-18 | Q3: =IF(P3="","Missing",P3) -> Missing | R3: {=_xlfn.IFS(OR(Q3="Missing",Q3="N/A",Q3="Still Employed"),Q3,ISNUMBER(SEARCH(",",Q3)),DATEVALUE(Q3),AND(ISNUMBER(SEARCH("-",Q3)),ISNUMBER(VALUE(LEFT(Q3,4)))),DATE(LEFT(Q3,4),MID(Q3,6,2),RIGHT(Q3,2)),ISNUMBER(SEARCH("-",Q3)),DATE(RIGHT(Q3,4),MID(Q3,4,2),LEFT(Q3,2)),ISNUMBER(SEARCH("/",Q3)),DATE(RIGHT(Q3,4),MID(Q3,4,2),LEFT(Q3,2)),TRUE,"Check Manually")} -> Missing | S3: =IF(OR(R3="Missing",R3="N/A",R3="Still Employed"),DATEDIF(O3,TODAY(),"y") &" Years, " &DATEDIF(O3,TODAY(),"ym") & " Months, "&DATEDIF(O3,TODAY(),"md") &" Days",DATEDIF(O3,R3,"y") &" Years, " &DATEDIF(O3,R3,"ym") & " Months, "&DATEDIF(O3,R3,"md") &" Days") -> 6 Years, 1 Months, 3 Days | T3: =VALUE(LEFT(S3,FIND(" Years",S3)-1))*365.25 + VALUE(MID(S3,FIND(", ",S3)+2,FIND(" Months",S3)-FIND(", ",S3)-2))*30.44 + VALUE(MID(S3,FIND("Months, ",S3)+8,FIND(" Days",S3)-FIND("Months, ",S3)-8)) -> 2224.94 | U3: {=_xlfn.IFS(OR(R3="Missing",R3="N/A",R3="Still Employed"),"Unknown",ISNUMBER(R3),"Exited",TRUE,"Unknown")} -> Unknown | V3: =IF(U3="Exited",YEAR(R3),"") | W3: =IF(OR(R3="Missing",R3="N/A",R3="Still Employed"),"Active","Exited") -> Active | X3: Rs. 89,883 | Y3: =TRIM(X3) -> Rs. 89,883 | Z3: {=_xlfn.IFS(Y3="","0",LEFT(Y3,5)="",Y3,LEFT(Y3,1)="₹",REPLACE(Y3,1,1,""),LEFT(Y3,4)="Rs. ",REPLACE(Y3,1,4,""),TRUE,Y3)} -> 89,883 | AA3: =SUBSTITUTE(Z3,",","") -> 89883 | AC3: =IF(AB3="","Not Rated",AB3) -> Not Rated | AD3: 20 | AE3: {=_xlfn.IFS(AD3="",0,AD3<0,"Negate Leave",AD3>=0,AD3)} -> 20 | AG3: =AVERAGEIF(U2:U344,"Customer Support") -> #DIV/0! | AI3: Customer Support | AJ3: =COUNTIFS($F:$F,"Customer Support") -> 55 | AK3: =LEFT(X3,4) -> Rs.
A4: 5014 | B4: Rajesh Shah | C4: =IF(ISNUMBER(SEARCH(",",B4)), TRIM(MID(B4,FIND(",",B4)+1,LEN(B4))&" "&LEFT(B4,FIND(",",B4)-1)), B4) -> Rajesh Shah | D4: =PROPER(TRIM(C4)) -> Rajesh Shah | E4: Female | F4: Finance | G4: D05 | H4: =_xlfn.XLOOKUP(G4,Lookup_Tables!$A$4:$A$9,Lookup_Tables!$C$4:$C$9,"Not Found",0) -> Leela Iyer | I4: Bengaluru | J4: rajesh.shah@company.com | K4: =IF(J4="","No Email ID",SUBSTITUTE(J4,"companycom","company.com")) -> rajesh.shah@company.com | M4: =SUBSTITUTE(L4," ","") | N4: {=_xlfn.IFS(M4="","Incomplete",LEN(M4)<10,"Invalid",AND(LEN(M4) =10,LEFT(M4,4) <>"+91-"),"+91-"&M4,TRUE,M4)} -> Incomplete | O4: 2019-04-08 | P4: 2024-03-06 | Q4: =IF(P4="","Missing",P4) -> 2024-03-06 | R4: {=_xlfn.IFS(OR(Q4="Missing",Q4="N/A",Q4="Still Employed"),Q4,ISNUMBER(SEARCH(",",Q4)),DATEVALUE(Q4),AND(ISNUMBER(SEARCH("-",Q4)),ISNUMBER(VALUE(LEFT(Q4,4)))),DATE(LEFT(Q4,4),MID(Q4,6,2),RIGHT(Q4,2)),ISNUMBER(SEARCH("-",Q4)),DATE(RIGHT(Q4,4),MID(Q4,4,2),LEFT(Q4,2)),ISNUMBER(SEARCH("/",Q4)),DATE(RIGHT(Q4,4),MID(Q4,4,2),LEFT(Q4,2)),TRUE,"Check Manually")} -> 45357 | S4: =IF(OR(R4="Missing",R4="N/A",R4="Still Employed"),DATEDIF(O4,TODAY(),"y") &" Years, " &DATEDIF(O4,TODAY(),"ym") & " Months, "&DATEDIF(O4,TODAY(),"md") &" Days",DATEDIF(O4,R4,"y") &" Years, " &DATEDIF(O4,R4,"ym") & " Months, "&DATEDIF(O4,R4,"md") &" Days") -> 4 Years, 10 Months, 27 Days | T4: =VALUE(LEFT(S4,FIND(" Years",S4)-1))*365.25 + VALUE(MID(S4,FIND(", ",S4)+2,FIND(" Months",S4)-FIND(", ",S4)-2))*30.44 + VALUE(MID(S4,FIND("Months, ",S4)+8,FIND(" Days",S4)-FIND("Months, ",S4)-8)) -> 1792.4 | U4: {=_xlfn.IFS(OR(R4="Missing",R4="N/A",R4="Still Employed"),"Unknown",ISNUMBER(R4),"Exited",TRUE,"Unknown")} -> Exited | V4: =IF(U4="Exited",YEAR(R4),"") -> 2024 | W4: =IF(OR(R4="Missing",R4="N/A",R4="Still Employed"),"Active","Exited") -> Exited | X4: Rs. 62,467 | Y4: =TRIM(X4) -> Rs. 62,467 | Z4: {=_xlfn.IFS(Y4="","0",LEFT(Y4,5)="",Y4,LEFT(Y4,1)="₹",REPLACE(Y4,1,1,""),LEFT(Y4,4)="Rs. ",REPLACE(Y4,1,4,""),TRUE,Y4)} -> 62,467 | AA4: =SUBSTITUTE(Z4,",","") -> 62467 | AB4: Average | AC4: =IF(AB4="","Not Rated",AB4) -> Average | AD4: 19 | AE4: {=_xlfn.IFS(AD4="",0,AD4<0,"Negate Leave",AD4>=0,AD4)} -> 19 | AI4: Finance | AJ4: =COUNTIFS($F:$F,"Finance") -> 57 | AK4: =LEN(X2) -> 8 | AO4: 44935 | AP4: =MONTH(AO4) -> 1
A5: 5260 | B5: Varun Shah | C5: =IF(ISNUMBER(SEARCH(",",B5)), TRIM(MID(B5,FIND(",",B5)+1,LEN(B5))&" "&LEFT(B5,FIND(",",B5)-1)), B5) -> Varun Shah | D5: =PROPER(TRIM(C5)) -> Varun Shah | E5: Male | F5: Marketing | G5: D04 | H5: =_xlfn.XLOOKUP(G5,Lookup_Tables!$A$4:$A$9,Lookup_Tables!$C$4:$C$9,"Not Found",0) -> Vivek Malhotra | I5: Ahmedabad | J5: varun.shah@company.com | K5: =IF(J5="","No Email ID",SUBSTITUTE(J5,"companycom","company.com")) -> varun.shah@company.com | L5: 72286286 | M5: =SUBSTITUTE(L5," ","") -> 72286286 | N5: {=_xlfn.IFS(M5="","Incomplete",LEN(M5)<10,"Invalid",AND(LEN(M5) =10,LEFT(M5,4) <>"+91-"),"+91-"&M5,TRUE,M5)} -> Invalid | O5: 2023-08-04 | P5: Jun 30, 2025 | Q5: =IF(P5="","Missing",P5) -> Jun 30, 2025 | R5: {=_xlfn.IFS(OR(Q5="Missing",Q5="N/A",Q5="Still Employed"),Q5,ISNUMBER(SEARCH(",",Q5)),DATEVALUE(Q5),AND(ISNUMBER(SEARCH("-",Q5)),ISNUMBER(VALUE(LEFT(Q5,4)))),DATE(LEFT(Q5,4),MID(Q5,6,2),RIGHT(Q5,2)),ISNUMBER(SEARCH("-",Q5)),DATE(RIGHT(Q5,4),MID(Q5,4,2),LEFT(Q5,2)),ISNUMBER(SEARCH("/",Q5)),DATE(RIGHT(Q5,4),MID(Q5,4,2),LEFT(Q5,2)),TRUE,"Check Manually")} -> 45838 | S5: =IF(OR(R5="Missing",R5="N/A",R5="Still Employed"),DATEDIF(O5,TODAY(),"y") &" Years, " &DATEDIF(O5,TODAY(),"ym") & " Months, "&DATEDIF(O5,TODAY(),"md") &" Days",DATEDIF(O5,R5,"y") &" Years, " &DATEDIF(O5,R5,"ym") & " Months, "&DATEDIF(O5,R5,"md") &" Days") -> 1 Years, 10 Months, 26 Days | T5: =VALUE(LEFT(S5,FIND(" Years",S5)-1))*365.25 + VALUE(MID(S5,FIND(", ",S5)+2,FIND(" Months",S5)-FIND(", ",S5)-2))*30.44 + VALUE(MID(S5,FIND("Months, ",S5)+8,FIND(" Days",S5)-FIND("Months, ",S5)-8)) -> 695.65 | U5: {=_xlfn.IFS(OR(R5="Missing",R5="N/A",R5="Still Employed"),"Unknown",ISNUMBER(R5),"Exited",TRUE,"Unknown")} -> Exited | V5: =IF(U5="Exited",YEAR(R5),"") -> 2025 | W5: =IF(OR(R5="Missing",R5="N/A",R5="Still Employed"),"Active","Exited") -> Exited | Y5: =TRIM(X5) | Z5: {=_xlfn.IFS(Y5="","0",LEFT(Y5,5)="",Y5,LEFT(Y5,1)="₹",REPLACE(Y5,1,1,""),LEFT(Y5,4)="Rs. ",REPLACE(Y5,1,4,""),TRUE,Y5)} -> 0 | AA5: =SUBSTITUTE(Z5,",","") -> 0 | AB5: Average | AC5: =IF(AB5="","Not Rated",AB5) -> Average | AD5: 25 | AE5: {=_xlfn.IFS(AD5="",0,AD5<0,"Negate Leave",AD5>=0,AD5)} -> 25 | AG5: 7 years,11months,15 days | AI5: Marketing | AJ5: =COUNTIFS($F:$F,"Marketing") -> 50
A6: 5330 | B6: amit naidu | C6: =IF(ISNUMBER(SEARCH(",",B6)), TRIM(MID(B6,FIND(",",B6)+1,LEN(B6))&" "&LEFT(B6,FIND(",",B6)-1)), B6) -> amit naidu | D6: =PROPER(TRIM(C6)) -> Amit Naidu | E6: Male | F6: Engineering | G6: D01 | H6: =_xlfn.XLOOKUP(G6,Lookup_Tables!$A$4:$A$9,Lookup_Tables!$C$4:$C$9,"Not Found",0) -> Ananya Sen | I6: Pune | J6: amitnaidu@companycom | K6: =IF(J6="","No Email ID",SUBSTITUTE(J6,"companycom","company.com")) -> amitnaidu@company.com | L6: 95044801 | M6: =SUBSTITUTE(L6," ","") -> 95044801 | N6: {=_xlfn.IFS(M6="","Incomplete",LEN(M6)<10,"Invalid",AND(LEN(M6) =10,LEFT(M6,4) <>"+91-"),"+91-"&M6,TRUE,M6)} -> Invalid | O6: 2020-11-29 | P6: 30/04/2025 | Q6: =IF(P6="","Missing",P6) -> 30/04/2025 | R6: {=_xlfn.IFS(OR(Q6="Missing",Q6="N/A",Q6="Still Employed"),Q6,ISNUMBER(SEARCH(",",Q6)),DATEVALUE(Q6),AND(ISNUMBER(SEARCH("-",Q6)),ISNUMBER(VALUE(LEFT(Q6,4)))),DATE(LEFT(Q6,4),MID(Q6,6,2),RIGHT(Q6,2)),ISNUMBER(SEARCH("-",Q6)),DATE(RIGHT(Q6,4),MID(Q6,4,2),LEFT(Q6,2)),ISNUMBER(SEARCH("/",Q6)),DATE(RIGHT(Q6,4),MID(Q6,4,2),LEFT(Q6,2)),TRUE,"Check Manually")} -> 45777 | S6: =IF(OR(R6="Missing",R6="N/A",R6="Still Employed"),DATEDIF(O6,TODAY(),"y") &" Years, " &DATEDIF(O6,TODAY(),"ym") & " Months, "&DATEDIF(O6,TODAY(),"md") &" Days",DATEDIF(O6,R6,"y") &" Years, " &DATEDIF(O6,R6,"ym") & " Months, "&DATEDIF(O6,R6,"md") &" Days") -> 4 Years, 5 Months, 1 Days | T6: =VALUE(LEFT(S6,FIND(" Years",S6)-1))*365.25 + VALUE(MID(S6,FIND(", ",S6)+2,FIND(" Months",S6)-FIND(", ",S6)-2))*30.44 + VALUE(MID(S6,FIND("Months, ",S6)+8,FIND(" Days",S6)-FIND("Months, ",S6)-8)) -> 1614.2 | U6: {=_xlfn.IFS(OR(R6="Missing",R6="N/A",R6="Still Employed"),"Unknown",ISNUMBER(R6),"Exited",TRUE,"Unknown")} -> Exited | V6: =IF(U6="Exited",YEAR(R6),"") -> 2025 | W6: =IF(OR(R6="Missing",R6="N/A",R6="Still Employed"),"Active","Exited") -> Exited | X6: Rs. 162,965 | Y6: =TRIM(X6) -> Rs. 162,965 | Z6: {=_xlfn.IFS(Y6="","0",LEFT(Y6,5)="",Y6,LEFT(Y6,1)="₹",REPLACE(Y6,1,1,""),LEFT(Y6,4)="Rs. ",REPLACE(Y6,1,4,""),TRUE,Y6)} -> 162,965 | AA6: =SUBSTITUTE(Z6,",","") -> 162965 | AB6: Excellent | AC6: =IF(AB6="","Not Rated",AB6) -> Excellent | AD6: 16 | AE6: {=_xlfn.IFS(AD6="",0,AD6<0,"Negate Leave",AD6>=0,AD6)} -> 16 | AI6: Engineering | AJ6: =COUNTIFS($F:$F,"Engineering") -> 62 | AK6: Rs. 89,883 | AL6: =IF(LEFT(AK6,4)=AK3,REPLACE(AK6,1,4,"INR"),"As it is") -> INR89,883 | AO6: 44531 | AP6: =MONTH(AO6) -> 12
A7: 5350 | B7: Arjun Mehta | C7: =IF(ISNUMBER(SEARCH(",",B7)), TRIM(MID(B7,FIND(",",B7)+1,LEN(B7))&" "&LEFT(B7,FIND(",",B7)-1)), B7) -> Arjun Mehta | D7: =PROPER(TRIM(C7)) -> Arjun Mehta | E7: female | F7: Finance | G7: D05 | H7: =_xlfn.XLOOKUP(G7,Lookup_Tables!$A$4:$A$9,Lookup_Tables!$C$4:$C$9,"Not Found",0) -> Leela Iyer | I7: Chennai | J7: arjun.mehta@company.com | K7: =IF(J7="","No Email ID",SUBSTITUTE(J7,"companycom","company.com")) -> arjun.mehta@company.com | L7: 28953756 | M7: =SUBSTITUTE(L7," ","") -> 28953756 | N7: {=_xlfn.IFS(M7="","Incomplete",LEN(M7)<10,"Invalid",AND(LEN(M7) =10,LEFT(M7,4) <>"+91-"),"+91-"&M7,TRUE,M7)} -> Invalid | O7: 2022-09-17 | Q7: =IF(P7="","Missing",P7) -> Missing | R7: {=_xlfn.IFS(OR(Q7="Missing",Q7="N/A",Q7="Still Employed"),Q7,ISNUMBER(SEARCH(",",Q7)),DATEVALUE(Q7),AND(ISNUMBER(SEARCH("-",Q7)),ISNUMBER(VALUE(LEFT(Q7,4)))),DATE(LEFT(Q7,4),MID(Q7,6,2),RIGHT(Q7,2)),ISNUMBER(SEARCH("-",Q7)),DATE(RIGHT(Q7,4),MID(Q7,4,2),LEFT(Q7,2)),ISNUMBER(SEARCH("/",Q7)),DATE(RIGHT(Q7,4),MID(Q7,4,2),LEFT(Q7,2)),TRUE,"Check Manually")} -> Missing | S7: =IF(OR(R7="Missing",R7="N/A",R7="Still Employed"),DATEDIF(O7,TODAY(),"y") &" Years, " &DATEDIF(O7,TODAY(),"ym") & " Months, "&DATEDIF(O7,TODAY(),"md") &" Days",DATEDIF(O7,R7,"y") &" Years, " &DATEDIF(O7,R7,"ym") & " Months, "&DATEDIF(O7,R7,"md") &" Days") -> 3 Years, 10 Months, 4 Days | T7: =VALUE(LEFT(S7,FIND(" Years",S7)-1))*365.25 + VALUE(MID(S7,FIND(", ",S7)+2,FIND(" Months",S7)-FIND(", ",S7)-2))*30.44 + VALUE(MID(S7,FIND("Months, ",S7)+8,FIND(" Days",S7)-FIND("Months, ",S7)-8)) -> 1404.15 | U7: {=_xlfn.IFS(OR(R7="Missing",R7="N/A",R7="Still Employed"),"Unknown",ISNUMBER(R7),"Exited",TRUE,"Unknown")} -> Unknown | V7: =IF(U7="Exited",YEAR(R7),"") | W7: =IF(OR(R7="Missing",R7="N/A",R7="Still Employed"),"Active","Exited") -> Active | X7: 173211 | Y7: =TRIM(X7) -> 173211 | Z7: {=_xlfn.IFS(Y7="","0",LEFT(Y7,5)="",Y7,LEFT(Y7,1)="₹",REPLACE(Y7,1,1,""),LEFT(Y7,4)="Rs. ",REPLACE(Y7,1,4,""),TRUE,Y7)} -> 173211 | AA7: =SUBSTITUTE(Z7,",","") -> 173211 | AB7: Below Average | AC7: =IF(AB7="","Not Rated",AB7) -> Below Average | AD7: 18 | AE7: {=_xlfn.IFS(AD7="",0,AD7<0,"Negate Leave",AD7>=0,AD7)} -> 18 | AI7: Sales | AJ7: =COUNTIFS($F:$F,"Sales") -> 65
A8: 5130 | B8: Priya Kapoor | C8: =IF(ISNUMBER(SEARCH(",",B8)), TRIM(MID(B8,FIND(",",B8)+1,LEN(B8))&" "&LEFT(B8,FIND(",",B8)-1)), B8) -> Priya Kapoor | D8: =PROPER(TRIM(C8)) -> Priya Kapoor | E8: Male | F8: Sales | G8: D02 | H8: =_xlfn.XLOOKUP(G8,Lookup_Tables!$A$4:$A$9,Lookup_Tables!$C$4:$C$9,"Not Found",0) -> Rajiv Kapoor | I8: Bengaluru | J8: priya.kapoor@company.com | K8: =IF(J8="","No Email ID",SUBSTITUTE(J8,"companycom","company.com")) -> priya.kapoor@company.com | L8: 47620 20274 | M8: =SUBSTITUTE(L8," ","") -> 4762020274 | N8: {=_xlfn.IFS(M8="","Incomplete",LEN(M8)<10,"Invalid",AND(LEN(M8) =10,LEFT(M8,4) <>"+91-"),"+91-"&M8,TRUE,M8)} -> +91-4762020274 | O8: 2020-04-27 | Q8: =IF(P8="","Missing",P8) -> Missing | R8: {=_xlfn.IFS(OR(Q8="Missing",Q8="N/A",Q8="Still Employed"),Q8,ISNUMBER(SEARCH(",",Q8)),DATEVALUE(Q8),AND(ISNUMBER(SEARCH("-",Q8)),ISNUMBER(VALUE(LEFT(Q8,4)))),DATE(LEFT(Q8,4),MID(Q8,6,2),RIGHT(Q8,2)),ISNUMBER(SEARCH("-",Q8)),DATE(RIGHT(Q8,4),MID(Q8,4,2),LEFT(Q8,2)),ISNUMBER(SEARCH("/",Q8)),DATE(RIGHT(Q8,4),MID(Q8,4,2),LEFT(Q8,2)),TRUE,"Check Manually")} -> Missing | S8: =IF(OR(R8="Missing",R8="N/A",R8="Still Employed"),DATEDIF(O8,TODAY(),"y") &" Years, " &DATEDIF(O8,TODAY(),"ym") & " Months, "&DATEDIF(O8,TODAY(),"md") &" Days",DATEDIF(O8,R8,"y") &" Years, " &DATEDIF(O8,R8,"ym") & " Months, "&DATEDIF(O8,R8,"md") &" Days") -> 6 Years, 2 Months, 24 Days | T8: =VALUE(LEFT(S8,FIND(" Years",S8)-1))*365.25 + VALUE(MID(S8,FIND(", ",S8)+2,FIND(" Months",S8)-FIND(", ",S8)-2))*30.44 + VALUE(MID(S8,FIND("Months, ",S8)+8,FIND(" Days",S8)-FIND("Months, ",S8)-8)) -> 2276.38 | U8: {=_xlfn.IFS(OR(R8="Missing",R8="N/A",R8="Still Employed"),"Unknown",ISNUMBER(R8),"Exited",TRUE,"Unknown")} -> Unknown | V8: =IF(U8="Exited",YEAR(R8),"") | W8: =IF(OR(R8="Missing",R8="N/A",R8="Still Employed"),"Active","Exited") -> Active | X8: 87855 | Y8: =TRIM(X8) -> 87855 | Z8: {=_xlfn.IFS(Y8="","0",LEFT(Y8,5)="",Y8,LEFT(Y8,1)="₹",REPLACE(Y8,1,1,""),LEFT(Y8,4)="Rs. ",REPLACE(Y8,1,4,""),TRUE,Y8)} -> 87855 | AA8: =SUBSTITUTE(Z8,",","") -> 87855 | AB8: Average | AC8: =IF(AB8="","Not Rated",AB8) -> Average | AD8: 20 | AE8: {=_xlfn.IFS(AD8="",0,AD8<0,"Negate Leave",AD8>=0,AD8)} -> 20 | AI8: HR | AJ8: =COUNTIFS($F:$F,"HR") -> 54 | AO8: =IF(ISNUMBER(SEARCH("-",AO4)),,"NF") -> NF
A9: 5283 | B9: Meenal Pillai | C9: =IF(ISNUMBER(SEARCH(",",B9)), TRIM(MID(B9,FIND(",",B9)+1,LEN(B9))&" "&LEFT(B9,FIND(",",B9)-1)), B9) -> Meenal Pillai | D9: =PROPER(TRIM(C9)) -> Meenal Pillai | E9: Male | F9: Engineering | G9: D01 | H9: =_xlfn.XLOOKUP(G9,Lookup_Tables!$A$4:$A$9,Lookup_Tables!$C$4:$C$9,"Not Found",0) -> Ananya Sen | I9: Ahmedabad | J9: meenal.pillai@company.com | K9: =IF(J9="","No Email ID",SUBSTITUTE(J9,"companycom","company.com")) -> meenal.pillai@company.com | L9: 4819825539 | M9: =SUBSTITUTE(L9," ","") -> 4819825539 | N9: {=_xlfn.IFS(M9="","Incomplete",LEN(M9)<10,"Invalid",AND(LEN(M9) =10,LEFT(M9,4) <>"+91-"),"+91-"&M9,TRUE,M9)} -> +91-4819825539 | O9: 2023-04-20 | P9: Jun 30, 2025 | Q9: =IF(P9="","Missing",P9) -> Jun 30, 2025 | R9: {=_xlfn.IFS(OR(Q9="Missing",Q9="N/A",Q9="Still Employed"),Q9,ISNUMBER(SEARCH(",",Q9)),DATEVALUE(Q9),AND(ISNUMBER(SEARCH("-",Q9)),ISNUMBER(VALUE(LEFT(Q9,4)))),DATE(LEFT(Q9,4),MID(Q9,6,2),RIGHT(Q9,2)),ISNUMBER(SEARCH("-",Q9)),DATE(RIGHT(Q9,4),MID(Q9,4,2),LEFT(Q9,2)),ISNUMBER(SEARCH("/",Q9)),DATE(RIGHT(Q9,4),MID(Q9,4,2),LEFT(Q9,2)),TRUE,"Check Manually")} -> 45838 | S9: =IF(OR(R9="Missing",R9="N/A",R9="Still Employed"),DATEDIF(O9,TODAY(),"y") &" Years, " &DATEDIF(O9,TODAY(),"ym") & " Months, "&DATEDIF(O9,TODAY(),"md") &" Days",DATEDIF(O9,R9,"y") &" Years, " &DATEDIF(O9,R9,"ym") & " Months, "&DATEDIF(O9,R9,"md") &" Days") -> 2 Years, 2 Months, 10 Days | T9: =VALUE(LEFT(S9,FIND(" Years",S9)-1))*365.25 + VALUE(MID(S9,FIND(", ",S9)+2,FIND(" Months",S9)-FIND(", ",S9)-2))*30.44 + VALUE(MID(S9,FIND("Months, ",S9)+8,FIND(" Days",S9)-FIND("Months, ",S9)-8)) -> 801.38 | U9: {=_xlfn.IFS(OR(R9="Missing",R9="N/A",R9="Still Employed"),"Unknown",ISNUMBER(R9),"Exited",TRUE,"Unknown")} -> Exited | V9: =IF(U9="Exited",YEAR(R9),"") -> 2025 | W9: =IF(OR(R9="Missing",R9="N/A",R9="Still Employed"),"Active","Exited") -> Exited | X9: 70870 | Y9: =TRIM(X9) -> 70870 | Z9: {=_xlfn.IFS(Y9="","0",LEFT(Y9,5)="",Y9,LEFT(Y9,1)="₹",REPLACE(Y9,1,1,""),LEFT(Y9,4)="Rs. ",REPLACE(Y9,1,4,""),TRUE,Y9)} -> 70870 | AA9: =SUBSTITUTE(Z9,",","") -> 70870 | AB9: Below Average | AC9: =IF(AB9="","Not Rated",AB9) -> Below Average | AD9: 23 | AE9: {=_xlfn.IFS(AD9="",0,AD9<0,"Negate Leave",AD9>=0,AD9)} -> 23 | AI9: 0 | AJ9: =COUNTIFS($F:$F,"No Dept") -> 0 | AK9: =IF(LEFT(AK6,4)=AK3,REPLACE(AK6,1,4,"INR"),"As it is") -> INR89,883 | AL9: =SUBSTITUTE(AK9,",","") -> INR89883
A10: 5179 | B10: Yash Desai | C10: =IF(ISNUMBER(SEARCH(",",B10)), TRIM(MID(B10,FIND(",",B10)+1,LEN(B10))&" "&LEFT(B10,FIND(",",B10)-1)), B10) -> Yash Desai | D10: =PROPER(TRIM(C10)) -> Yash Desai | E10: Male | F10: Marketing | G10: D04 | H10: =_xlfn.XLOOKUP(G10,Lookup_Tables!$A$4:$A$9,Lookup_Tables!$C$4:$C$9,"Not Found",0) -> Vivek Malhotra | I10: Kolkata | J10: yash.desai@company.com | K10: =IF(J10="","No Email ID",SUBSTITUTE(J10,"companycom","company.com")) -> yash.desai@company.com | L10: +91-4763237185 | M10: =SUBSTITUTE(L10," ","") -> +91-4763237185 | N10: {=_xlfn.IFS(M10="","Incomplete",LEN(M10)<10,"Invalid",AND(LEN(M10) =10,LEFT(M10,4) <>"+91-"),"+91-"&M10,TRUE,M10)} -> +91-4763237185 | O10: 2024-03-10 | Q10: =IF(P10="","Missing",P10) -> Missing | R10: {=_xlfn.IFS(OR(Q10="Missing",Q10="N/A",Q10="Still Employed"),Q10,ISNUMBER(SEARCH(",",Q10)),DATEVALUE(Q10),AND(ISNUMBER(SEARCH("-",Q10)),ISNUMBER(VALUE(LEFT(Q10,4)))),DATE(LEFT(Q10,4),MID(Q10,6,2),RIGHT(Q10,2)),ISNUMBER(SEARCH("-",Q10)),DATE(RIGHT(Q10,4),MID(Q10,4,2),LEFT(Q10,2)),ISNUMBER(SEARCH("/",Q10)),DATE(RIGHT(Q10,4),MID(Q10,4,2),LEFT(Q10,2)),TRUE,"Check Manually")} -> Missing | S10: =IF(OR(R10="Missing",R10="N/A",R10="Still Employed"),DATEDIF(O10,TODAY(),"y") &" Years, " &DATEDIF(O10,TODAY(),"ym") & " Months, "&DATEDIF(O10,TODAY(),"md") &" Days",DATEDIF(O10,R10,"y") &" Years, " &DATEDIF(O10,R10,"ym") & " Months, "&DATEDIF(O10,R10,"md") &" Days") -> 2 Years, 4 Months, 11 Days | T10: =VALUE(LEFT(S10,FIND(" Years",S10)-1))*365.25 + VALUE(MID(S10,FIND(", ",S10)+2,FIND(" Months",S10)-FIND(", ",S10)-2))*30.44 + VALUE(MID(S10,FIND("Months, ",S10)+8,FIND(" Days",S10)-FIND("Months, ",S10)-8)) -> 863.26 | U10: {=_xlfn.IFS(OR(R10="Missing",R10="N/A",R10="Still Employed"),"Unknown",ISNUMBER(R10),"Exited",TRUE,"Unknown")} -> Unknown | V10: =IF(U10="Exited",YEAR(R10),"") | W10: =IF(OR(R10="Missing",R10="N/A",R10="Still Employed"),"Active","Exited") -> Active | X10: 136375 | Y10: =TRIM(X10) -> 136375 | Z10: {=_xlfn.IFS(Y10="","0",LEFT(Y10,5)="",Y10,LEFT(Y10,1)="₹",REPLACE(Y10,1,1,""),LEFT(Y10,4)="Rs. ",REPLACE(Y10,1,4,""),TRUE,Y10)} -> 136375 | AA10: =SUBSTITUTE(Z10,",","") -> 136375 | AC10: =IF(AB10="","Not Rated",AB10) -> Not Rated | AD10: 23 | AE10: {=_xlfn.IFS(AD10="",0,AD10<0,"Negate Leave",AD10>=0,AD10)} -> 23
A11: 5047 | B11: Rohan Kapoor | C11: =IF(ISNUMBER(SEARCH(",",B11)), TRIM(MID(B11,FIND(",",B11)+1,LEN(B11))&" "&LEFT(B11,FIND(",",B11)-1)), B11) -> Rohan Kapoor | D11: =PROPER(TRIM(C11)) -> Rohan Kapoor | E11: Female | F11: Finance | G11: D05 | H11: =_xlfn.XLOOKUP(G11,Lookup_Tables!$A$4:$A$9,Lookup_Tables!$C$4:$C$9,"Not Found",0) -> Leela Iyer | I11: Kolkata | J11: rohankapoor@companycom | K11: =IF(J11="","No Email ID",SUBSTITUTE(J11,"companycom","company.com")) -> rohankapoor@company.com | L11: 4301540486 | M11: =SUBSTITUTE(L11," ","") -> 4301540486 | N11: {=_xlfn.IFS(M11="","Incomplete",LEN(M11)<10,"Invalid",AND(LEN(M11) =10,LEFT(M11,4) <>"+91-"),"+91-"&M11,TRUE,M11)} -> +91-4301540486 | O11: 2022-03-17 | P11: 30/06/2025 | Q11: =IF(P11="","Missing",P11) -> 30/06/2025 | R11: {=_xlfn.IFS(OR(Q11="Missing",Q11="N/A",Q11="Still Employed"),Q11,ISNUMBER(SEARCH(",",Q11)),DATEVALUE(Q11),AND(ISNUMBER(SEARCH("-",Q11)),ISNUMBER(VALUE(LEFT(Q11,4)))),DATE(LEFT(Q11,4),MID(Q11,6,2),RIGHT(Q11,2)),ISNUMBER(SEARCH("-",Q11)),DATE(RIGHT(Q11,4),MID(Q11,4,2),LEFT(Q11,2)),ISNUMBER(SEARCH("/",Q11)),DATE(RIGHT(Q11,4),MID(Q11,4,2),LEFT(Q11,2)),TRUE,"Check Manually")} -> 45838 | S11: =IF(OR(R11="Missing",R11="N/A",R11="Still Employed"),DATEDIF(O11,TODAY(),"y") &" Years, " &DATEDIF(O11,TODAY(),"ym") & " Months, "&DATEDIF(O11,TODAY(),"md") &" Days",DATEDIF(O11,R11,"y") &" Years, " &DATEDIF(O11,R11,"ym") & " Months, "&DATEDIF(O11,R11,"md") &" Days") -> 3 Years, 3 Months, 13 Days | T11: =VALUE(LEFT(S11,FIND(" Years",S11)-1))*365.25 + VALUE(MID(S11,FIND(", ",S11)+2,FIND(" Months",S11)-FIND(", ",S11)-2))*30.44 + VALUE(MID(S11,FIND("Months, ",S11)+8,FIND(" Days",S11)-FIND("Months, ",S11)-8)) -> 1200.07 | U11: {=_xlfn.IFS(OR(R11="Missing",R11="N/A",R11="Still Employed"),"Unknown",ISNUMBER(R11),"Exited",TRUE,"Unknown")} -> Exited | V11: =IF(U11="Exited",YEAR(R11),"") -> 2025 | W11: =IF(OR(R11="Missing",R11="N/A",R11="Still Employed"),"Active","Exited") -> Exited | X11: 56096 | Y11: =TRIM(X11) -> 56096 | Z11: {=_xlfn.IFS(Y11="","0",LEFT(Y11,5)="",Y11,LEFT(Y11,1)="₹",REPLACE(Y11,1,1,""),LEFT(Y11,4)="Rs. ",REPLACE(Y11,1,4,""),TRUE,Y11)} -> 56096 | AA11: =SUBSTITUTE(Z11,",","") -> 56096 | AB11: Average | AC11: =IF(AB11="","Not Rated",AB11) -> Average | AD11: 25 | AE11: {=_xlfn.IFS(AD11="",0,AD11<0,"Negate Leave",AD11>=0,AD11)} -> 25 | AK11: INR | AL11: =LEN(AK11) -> 5
A12: 5316 | B12: Yash Verma | C12: =IF(ISNUMBER(SEARCH(",",B12)), TRIM(MID(B12,FIND(",",B12)+1,LEN(B12))&" "&LEFT(B12,FIND(",",B12)-1)), B12) -> Yash Verma | D12: =PROPER(TRIM(C12)) -> Yash Verma | E12: Female | F12: Finance | G12: D05 | H12: =_xlfn.XLOOKUP(G12,Lookup_Tables!$A$4:$A$9,Lookup_Tables!$C$4:$C$9,"Not Found",0) -> Leela Iyer | I12: Delhi | J12: yash.verma@company.com | K12: =IF(J12="","No Email ID",SUBSTITUTE(J12,"companycom","company.com")) -> yash.verma@company.com | L12: 63588 14765 | M12: =SUBSTITUTE(L12," ","") -> 6358814765 | N12: {=_xlfn.IFS(M12="","Incomplete",LEN(M12)<10,"Invalid",AND(LEN(M12) =10,LEFT(M12,4) <>"+91-"),"+91-"&M12,TRUE,M12)} -> +91-6358814765 | O12: 2021-11-23 | P12: Still Employed | Q12: =IF(P12="","Missing",P12) -> Still Employed | R12: {=_xlfn.IFS(OR(Q12="Missing",Q12="N/A",Q12="Still Employed"),Q12,ISNUMBER(SEARCH(",",Q12)),DATEVALUE(Q12),AND(ISNUMBER(SEARCH("-",Q12)),ISNUMBER(VALUE(LEFT(Q12,4)))),DATE(LEFT(Q12,4),MID(Q12,6,2),RIGHT(Q12,2)),ISNUMBER(SEARCH("-",Q12)),DATE(RIGHT(Q12,4),MID(Q12,4,2),LEFT(Q12,2)),ISNUMBER(SEARCH("/",Q12)),DATE(RIGHT(Q12,4),MID(Q12,4,2),LEFT(Q12,2)),TRUE,"Check Manually")} -> Still Employed | S12: =IF(OR(R12="Missing",R12="N/A",R12="Still Employed"),DATEDIF(O12,TODAY(),"y") &" Years, " &DATEDIF(O12,TODAY(),"ym") & " Months, "&DATEDIF(O12,TODAY(),"md") &" Days",DATEDIF(O12,R12,"y") &" Years, " &DATEDIF(O12,R12,"ym") & " Months, "&DATEDIF(O12,R12,"md") &" Days") -> 4 Years, 7 Months, 28 Days | T12: =VALUE(LEFT(S12,FIND(" Years",S12)-1))*365.25 + VALUE(MID(S12,FIND(", ",S12)+2,FIND(" Months",S12)-FIND(", ",S12)-2))*30.44 + VALUE(MID(S12,FIND("Months, ",S12)+8,FIND(" Days",S12)-FIND("Months, ",S12)-8)) -> 1702.08 | U12: {=_xlfn.IFS(OR(R12="Missing",R12="N/A",R12="Still Employed"),"Unknown",ISNUMBER(R12),"Exited",TRUE,"Unknown")} -> Unknown | V12: =IF(U12="Exited",YEAR(R12),"") | W12: =IF(OR(R12="Missing",R12="N/A",R12="Still Employed"),"Active","Exited") -> Active | X12: ₹130,511 | Y12: =TRIM(X12) -> ₹130,511 | Z12: {=_xlfn.IFS(Y12="","0",LEFT(Y12,5)="",Y12,LEFT(Y12,1)="₹",REPLACE(Y12,1,1,""),LEFT(Y12,4)="Rs. ",REPLACE(Y12,1,4,""),TRUE,Y12)} -> 130,511 | AA12: =SUBSTITUTE(Z12,",","") -> 130511 | AB12: Poor | AC12: =IF(AB12="","Not Rated",AB12) -> Poor | AD12: 16 | AE12: {=_xlfn.IFS(AD12="",0,AD12<0,"Negate Leave",AD12>=0,AD12)} -> 16 | AK12: 173211
A13: 5028 | B13: VIKRAM JOSHI | C13: =IF(ISNUMBER(SEARCH(",",B13)), TRIM(MID(B13,FIND(",",B13)+1,LEN(B13))&" "&LEFT(B13,FIND(",",B13)-1)), B13) -> VIKRAM JOSHI | D13: =PROPER(TRIM(C13)) -> Vikram Joshi | E13: Female | F13: Customer Support | G13: D06 | H13: =_xlfn.XLOOKUP(G13,Lookup_Tables!$A$4:$A$9,Lookup_Tables!$C$4:$C$9,"Not Found",0) -> Faisal Ahmed | I13: Ahmedabad | J13: vikram.joshi@company.com | K13: =IF(J13="","No Email ID",SUBSTITUTE(J13,"companycom","company.com")) -> vikram.joshi@company.com | L13: 0084745378 | M13: =SUBSTITUTE(L13," ","") -> 0084745378 | N13: {=_xlfn.IFS(M13="","Incomplete",LEN(M13)<10,"Invalid",AND(LEN(M13) =10,LEFT(M13,4) <>"+91-"),"+91-"&M13,TRUE,M13)} -> +91-0084745378 | O13: 2019-02-12 | P13: Still Employed | Q13: =IF(P13="","Missing",P13) -> Still Employed | R13: {=_xlfn.IFS(OR(Q13="Missing",Q13="N/A",Q13="Still Employed"),Q13,ISNUMBER(SEARCH(",",Q13)),DATEVALUE(Q13),AND(ISNUMBER(SEARCH("-",Q13)),ISNUMBER(VALUE(LEFT(Q13,4)))),DATE(LEFT(Q13,4),MID(Q13,6,2),RIGHT(Q13,2)),ISNUMBER(SEARCH("-",Q13)),DATE(RIGHT(Q13,4),MID(Q13,4,2),LEFT(Q13,2)),ISNUMBER(SEARCH("/",Q13)),DATE(RIGHT(Q13,4),MID(Q13,4,2),LEFT(Q13,2)),TRUE,"Check Manually")} -> Still Employed | S13: =IF(OR(R13="Missing",R13="N/A",R13="Still Employed"),DATEDIF(O13,TODAY(),"y") &" Years, " &DATEDIF(O13,TODAY(),"ym") & " Months, "&DATEDIF(O13,TODAY(),"md") &" Days",DATEDIF(O13,R13,"y") &" Years, " &DATEDIF(O13,R13,"ym") & " Months, "&DATEDIF(O13,R13,"md") &" Days") -> 7 Years, 5 Months, 9 Days | T13: =VALUE(LEFT(S13,FIND(" Years",S13)-1))*365.25 + VALUE(MID(S13,FIND(", ",S13)+2,FIND(" Months",S13)-FIND(", ",S13)-2))*30.44 + VALUE(MID(S13,FIND("Months, ",S13)+8,FIND(" Days",S13)-FIND("Months, ",S13)-8)) -> 2717.95 | U13: {=_xlfn.IFS(OR(R13="Missing",R13="N/A",R13="Still Employed"),"Unknown",ISNUMBER(R13),"Exited",TRUE,"Unknown")} -> Unknown | V13: =IF(U13="Exited",YEAR(R13),"") | W13: =IF(OR(R13="Missing",R13="N/A",R13="Still Employed"),"Active","Exited") -> Active | X13: ₹85,253 | Y13: =TRIM(X13) -> ₹85,253 | Z13: {=_xlfn.IFS(Y13="","0",LEFT(Y13,5)="",Y13,LEFT(Y13,1)="₹",REPLACE(Y13,1,1,""),LEFT(Y13,4)="Rs. ",REPLACE(Y13,1,4,""),TRUE,Y13)} -> 85,253 | AA13: =SUBSTITUTE(Z13,",","") -> 85253 | AB13: Below Average | AC13: =IF(AB13="","Not Rated",AB13) -> Below Average | AD13: 6 | AE13: {=_xlfn.IFS(AD13="",0,AD13<0,"Negate Leave",AD13>=0,AD13)} -> 6 | AI13: {=_xlfn.UNIQUE(F:F)} -> Department | AJ13: Avg Tenure
A14: 5178 | B14: Saxena, Kirti | C14: =IF(ISNUMBER(SEARCH(",",B14)), TRIM(MID(B14,FIND(",",B14)+1,LEN(B14))&" "&LEFT(B14,FIND(",",B14)-1)), B14) -> Kirti Saxena | D14: =PROPER(TRIM(C14)) -> Kirti Saxena | E14: Female | F14: Sales | G14: D02 | H14: =_xlfn.XLOOKUP(G14,Lookup_Tables!$A$4:$A$9,Lookup_Tables!$C$4:$C$9,"Not Found",0) -> Rajiv Kapoor | I14: Ahmedabad | J14: kirti.saxena@company.com | K14: =IF(J14="","No Email ID",SUBSTITUTE(J14,"companycom","company.com")) -> kirti.saxena@company.com | L14: +91-1004281152 | M14: =SUBSTITUTE(L14," ","") -> +91-1004281152 | N14: {=_xlfn.IFS(M14="","Incomplete",LEN(M14)<10,"Invalid",AND(LEN(M14) =10,LEFT(M14,4) <>"+91-"),"+91-"&M14,TRUE,M14)} -> +91-1004281152 | O14: 2021-05-13 | P14: N/A | Q14: =IF(P14="","Missing",P14) -> N/A | R14: {=_xlfn.IFS(OR(Q14="Missing",Q14="N/A",Q14="Still Employed"),Q14,ISNUMBER(SEARCH(",",Q14)),DATEVALUE(Q14),AND(ISNUMBER(SEARCH("-",Q14)),ISNUMBER(VALUE(LEFT(Q14,4)))),DATE(LEFT(Q14,4),MID(Q14,6,2),RIGHT(Q14,2)),ISNUMBER(SEARCH("-",Q14)),DATE(RIGHT(Q14,4),MID(Q14,4,2),LEFT(Q14,2)),ISNUMBER(SEARCH("/",Q14)),DATE(RIGHT(Q14,4),MID(Q14,4,2),LEFT(Q14,2)),TRUE,"Check Manually")} -> N/A | S14: =IF(OR(R14="Missing",R14="N/A",R14="Still Employed"),DATEDIF(O14,TODAY(),"y") &" Years, " &DATEDIF(O14,TODAY(),"ym") & " Months, "&DATEDIF(O14,TODAY(),"md") &" Days",DATEDIF(O14,R14,"y") &" Years, " &DATEDIF(O14,R14,"ym") & " Months, "&DATEDIF(O14,R14,"md") &" Days") -> 5 Years, 2 Months, 8 Days | T14: =VALUE(LEFT(S14,FIND(" Years",S14)-1))*365.25 + VALUE(MID(S14,FIND(", ",S14)+2,FIND(" Months",S14)-FIND(", ",S14)-2))*30.44 + VALUE(MID(S14,FIND("Months, ",S14)+8,FIND(" Days",S14)-FIND("Months, ",S14)-8)) -> 1895.13 | U14: {=_xlfn.IFS(OR(R14="Missing",R14="N/A",R14="Still Employed"),"Unknown",ISNUMBER(R14),"Exited",TRUE,"Unknown")} -> Unknown | V14: =IF(U14="Exited",YEAR(R14),"") | W14: =IF(OR(R14="Missing",R14="N/A",R14="Still Employed"),"Active","Exited") -> Active | X14: 124338 | Y14: =TRIM(X14) -> 124338 | Z14: {=_xlfn.IFS(Y14="","0",LEFT(Y14,5)="",Y14,LEFT(Y14,1)="₹",REPLACE(Y14,1,1,""),LEFT(Y14,4)="Rs. ",REPLACE(Y14,1,4,""),TRUE,Y14)} -> 124338 | AA14: =SUBSTITUTE(Z14,",","") -> 124338 | AB14: Good | AC14: =IF(AB14="","Not Rated",AB14) -> Good | AD14: 2 | AE14: {=_xlfn.IFS(AD14="",0,AD14<0,"Negate Leave",AD14>=0,AD14)} -> 2 | AI14: Customer Support | AJ14: =AVERAGEIFS(S:S,F:F,"Customer Support") -> #DIV/0! | AK14: Jun 30,2025 | AL14: =TEXT(DATEVALUE(AK14),"DD/MM/YYYY") -> #VALUE!
A15: 5258 | B15: Rao, Tanvi | C15: =IF(ISNUMBER(SEARCH(",",B15)), TRIM(MID(B15,FIND(",",B15)+1,LEN(B15))&" "&LEFT(B15,FIND(",",B15)-1)), B15) -> Tanvi Rao | D15: =PROPER(TRIM(C15)) -> Tanvi Rao | E15: Male | F15: Customer Support | G15: D06 | H15: =_xlfn.XLOOKUP(G15,Lookup_Tables!$A$4:$A$9,Lookup_Tables!$C$4:$C$9,"Not Found",0) -> Faisal Ahmed | I15: Chennai | J15: tanvi.rao@company.com | K15: =IF(J15="","No Email ID",SUBSTITUTE(J15,"companycom","company.com")) -> tanvi.rao@company.com | L15: 80467 74548 | M15: =SUBSTITUTE(L15," ","") -> 8046774548 | N15: {=_xlfn.IFS(M15="","Incomplete",LEN(M15)<10,"Invalid",AND(LEN(M15) =10,LEFT(M15,4) <>"+91-"),"+91-"&M15,TRUE,M15)} -> +91-8046774548 | O15: 2020-02-20 | P15: Still Employed | Q15: =IF(P15="","Missing",P15) -> Still Employed | R15: {=_xlfn.IFS(OR(Q15="Missing",Q15="N/A",Q15="Still Employed"),Q15,ISNUMBER(SEARCH(",",Q15)),DATEVALUE(Q15),AND(ISNUMBER(SEARCH("-",Q15)),ISNUMBER(VALUE(LEFT(Q15,4)))),DATE(LEFT(Q15,4),MID(Q15,6,2),RIGHT(Q15,2)),ISNUMBER(SEARCH("-",Q15)),DATE(RIGHT(Q15,4),MID(Q15,4,2),LEFT(Q15,2)),ISNUMBER(SEARCH("/",Q15)),DATE(RIGHT(Q15,4),MID(Q15,4,2),LEFT(Q15,2)),TRUE,"Check Manually")} -> Still Employed | S15: =IF(OR(R15="Missing",R15="N/A",R15="Still Employed"),DATEDIF(O15,TODAY(),"y") &" Years, " &DATEDIF(O15,TODAY(),"ym") & " Months, "&DATEDIF(O15,TODAY(),"md") &" Days",DATEDIF(O15,R15,"y") &" Years, " &DATEDIF(O15,R15,"ym") & " Months, "&DATEDIF(O15,R15,"md") &" Days") -> 6 Years, 5 Months, 1 Days | T15: =VALUE(LEFT(S15,FIND(" Years",S15)-1))*365.25 + VALUE(MID(S15,FIND(", ",S15)+2,FIND(" Months",S15)-FIND(", ",S15)-2))*30.44 + VALUE(MID(S15,FIND("Months, ",S15)+8,FIND(" Days",S15)-FIND("Months, ",S15)-8)) -> 2344.7 | U15: {=_xlfn.IFS(OR(R15="Missing",R15="N/A",R15="Still Employed"),"Unknown",ISNUMBER(R15),"Exited",TRUE,"Unknown")} -> Unknown | V15: =IF(U15="Exited",YEAR(R15),"") | W15: =IF(OR(R15="Missing",R15="N/A",R15="Still Employed"),"Active","Exited") -> Active | X15: 118204 | Y15: =TRIM(X15) -> 118204 | Z15: {=_xlfn.IFS(Y15="","0",LEFT(Y15,5)="",Y15,LEFT(Y15,1)="₹",REPLACE(Y15,1,1,""),LEFT(Y15,4)="Rs. ",REPLACE(Y15,1,4,""),TRUE,Y15)} -> 118204 | AA15: =SUBSTITUTE(Z15,",","") -> 118204 | AB15: Good | AC15: =IF(AB15="","Not Rated",AB15) -> Good | AD15: 24 | AE15: {=_xlfn.IFS(AD15="",0,AD15<0,"Negate Leave",AD15>=0,AD15)} -> 24 | AI15: Finance
A16: 5325 | B16: Arjun Desai | C16: =IF(ISNUMBER(SEARCH(",",B16)), TRIM(MID(B16,FIND(",",B16)+1,LEN(B16))&" "&LEFT(B16,FIND(",",B16)-1)), B16) -> Arjun Desai | D16: =PROPER(TRIM(C16)) -> Arjun Desai | E16: Male | F16: Marketing | G16: D04 | H16: =_xlfn.XLOOKUP(G16,Lookup_Tables!$A$4:$A$9,Lookup_Tables!$C$4:$C$9,"Not Found",0) -> Vivek Malhotra | I16: Mumbai | J16: arjun.desai@company.com | K16: =IF(J16="","No Email ID",SUBSTITUTE(J16,"companycom","company.com")) -> arjun.desai@company.com | L16: +91-7675703548 | M16: =SUBSTITUTE(L16," ","") -> +91-7675703548 | N16: {=_xlfn.IFS(M16="","Incomplete",LEN(M16)<10,"Invalid",AND(LEN(M16) =10,LEFT(M16,4) <>"+91-"),"+91-"&M16,TRUE,M16)} -> +91-7675703548 | O16: 2022-08-27 | P16: N/A | Q16: =IF(P16="","Missing",P16) -> N/A | R16: {=_xlfn.IFS(OR(Q16="Missing",Q16="N/A",Q16="Still Employed"),Q16,ISNUMBER(SEARCH(",",Q16)),DATEVALUE(Q16),AND(ISNUMBER(SEARCH("-",Q16)),ISNUMBER(VALUE(LEFT(Q16,4)))),DATE(LEFT(Q16,4),MID(Q16,6,2),RIGHT(Q16,2)),ISNUMBER(SEARCH("-",Q16)),DATE(RIGHT(Q16,4),MID(Q16,4,2),LEFT(Q16,2)),ISNUMBER(SEARCH("/",Q16)),DATE(RIGHT(Q16,4),MID(Q16,4,2),LEFT(Q16,2)),TRUE,"Check Manually")} -> N/A | S16: =IF(OR(R16="Missing",R16="N/A",R16="Still Employed"),DATEDIF(O16,TODAY(),"y") &" Years, " &DATEDIF(O16,TODAY(),"ym") & " Months, "&DATEDIF(O16,TODAY(),"md") &" Days",DATEDIF(O16,R16,"y") &" Years, " &DATEDIF(O16,R16,"ym") & " Months, "&DATEDIF(O16,R16,"md") &" Days") -> 3 Years, 10 Months, 24 Days | T16: =VALUE(LEFT(S16,FIND(" Years",S16)-1))*365.25 + VALUE(MID(S16,FIND(", ",S16)+2,FIND(" Months",S16)-FIND(", ",S16)-2))*30.44 + VALUE(MID(S16,FIND("Months, ",S16)+8,FIND(" Days",S16)-FIND("Months, ",S16)-8)) -> 1424.15 | U16: {=_xlfn.IFS(OR(R16="Missing",R16="N/A",R16="Still Employed"),"Unknown",ISNUMBER(R16),"Exited",TRUE,"Unknown")} -> Unknown | V16: =IF(U16="Exited",YEAR(R16),"") | W16: =IF(OR(R16="Missing",R16="N/A",R16="Still Employed"),"Active","Exited") -> Active | X16: ₹137,736 | Y16: =TRIM(X16) -> ₹137,736 | Z16: {=_xlfn.IFS(Y16="","0",LEFT(Y16,5)="",Y16,LEFT(Y16,1)="₹",REPLACE(Y16,1,1,""),LEFT(Y16,4)="Rs. ",REPLACE(Y16,1,4,""),TRUE,Y16)} -> 137,736 | AA16: =SUBSTITUTE(Z16,",","") -> 137736 | AB16: Excellent | AC16: =IF(AB16="","Not Rated",AB16) -> Excellent | AD16: 8 | AE16: {=_xlfn.IFS(AD16="",0,AD16<0,"Negate Leave",AD16>=0,AD16)} -> 8 | AI16: Marketing
A17: 5342 | B17: isha rao | C17: =IF(ISNUMBER(SEARCH(",",B17)), TRIM(MID(B17,FIND(",",B17)+1,LEN(B17))&" "&LEFT(B17,FIND(",",B17)-1)), B17) -> isha rao | D17: =PROPER(TRIM(C17)) -> Isha Rao | E17: Male | F17: HR | G17: D03 | H17: =_xlfn.XLOOKUP(G17,Lookup_Tables!$A$4:$A$9,Lookup_Tables!$C$4:$C$9,"Not Found",0) -> Sunita Rao | I17: Delhi | J17: isha.rao@company.com | K17: =IF(J17="","No Email ID",SUBSTITUTE(J17,"companycom","company.com")) -> isha.rao@company.com | L17: 9742803407 | M17: =SUBSTITUTE(L17," ","") -> 9742803407 | N17: {=_xlfn.IFS(M17="","Incomplete",LEN(M17)<10,"Invalid",AND(LEN(M17) =10,LEFT(M17,4) <>"+91-"),"+91-"&M17,TRUE,M17)} -> +91-9742803407 | O17: 2022-03-24 | Q17: =IF(P17="","Missing",P17) -> Missing | R17: {=_xlfn.IFS(OR(Q17="Missing",Q17="N/A",Q17="Still Employed"),Q17,ISNUMBER(SEARCH(",",Q17)),DATEVALUE(Q17),AND(ISNUMBER(SEARCH("-",Q17)),ISNUMBER(VALUE(LEFT(Q17,4)))),DATE(LEFT(Q17,4),MID(Q17,6,2),RIGHT(Q17,2)),ISNUMBER(SEARCH("-",Q17)),DATE(RIGHT(Q17,4),MID(Q17,4,2),LEFT(Q17,2)),ISNUMBER(SEARCH("/",Q17)),DATE(RIGHT(Q17,4),MID(Q17,4,2),LEFT(Q17,2)),TRUE,"Check Manually")} -> Missing | S17: =IF(OR(R17="Missing",R17="N/A",R17="Still Employed"),DATEDIF(O17,TODAY(),"y") &" Years, " &DATEDIF(O17,TODAY(),"ym") & " Months, "&DATEDIF(O17,TODAY(),"md") &" Days",DATEDIF(O17,R17,"y") &" Years, " &DATEDIF(O17,R17,"ym") & " Months, "&DATEDIF(O17,R17,"md") &" Days") -> 4 Years, 3 Months, 27 Days | T17: =VALUE(LEFT(S17,FIND(" Years",S17)-1))*365.25 + VALUE(MID(S17,FIND(", ",S17)+2,FIND(" Months",S17)-FIND(", ",S17)-2))*30.44 + VALUE(MID(S17,FIND("Months, ",S17)+8,FIND(" Days",S17)-FIND("Months, ",S17)-8)) -> 1579.32 | U17: {=_xlfn.IFS(OR(R17="Missing",R17="N/A",R17="Still Employed"),"Unknown",ISNUMBER(R17),"Exited",TRUE,"Unknown")} -> Unknown | V17: =IF(U17="Exited",YEAR(R17),"") | W17: =IF(OR(R17="Missing",R17="N/A",R17="Still Employed"),"Active","Exited") -> Active | X17: 64962 | Y17: =TRIM(X17) -> 64962 | Z17: {=_xlfn.IFS(Y17="","0",LEFT(Y17,5)="",Y17,LEFT(Y17,1)="₹",REPLACE(Y17,1,1,""),LEFT(Y17,4)="Rs. ",REPLACE(Y17,1,4,""),TRUE,Y17)} -> 64962 | AA17: =SUBSTITUTE(Z17,",","") -> 64962 | AB17: Poor | AC17: =IF(AB17="","Not Rated",AB17) -> Poor | AD17: 22 | AE17: {=_xlfn.IFS(AD17="",0,AD17<0,"Negate Leave",AD17>=0,AD17)} -> 22 | AI17: Engineering | AK17: 30-04-2025 | AL17: =DATEVALUE(AK17) -> #VALUE!
A18: 5185 | B18: Tanvi Menon | C18: =IF(ISNUMBER(SEARCH(",",B18)), TRIM(MID(B18,FIND(",",B18)+1,LEN(B18))&" "&LEFT(B18,FIND(",",B18)-1)), B18) -> Tanvi Menon | D18: =PROPER(TRIM(C18)) -> Tanvi Menon | E18: Male | F18: Customer Support | G18: D06 | H18: =_xlfn.XLOOKUP(G18,Lookup_Tables!$A$4:$A$9,Lookup_Tables!$C$4:$C$9,"Not Found",0) -> Faisal Ahmed | I18: Mumbai | J18: tanvi.menon@company.com | K18: =IF(J18="","No Email ID",SUBSTITUTE(J18,"companycom","company.com")) -> tanvi.menon@company.com | L18: +91-0838728322 | M18: =SUBSTITUTE(L18," ","") -> +91-0838728322 | N18: {=_xlfn.IFS(M18="","Incomplete",LEN(M18)<10,"Invalid",AND(LEN(M18) =10,LEFT(M18,4) <>"+91-"),"+91-"&M18,TRUE,M18)} -> +91-0838728322 | O18: 2018-03-13 | P18: 2021-10-12 | Q18: =IF(P18="","Missing",P18) -> 2021-10-12 | R18: {=_xlfn.IFS(OR(Q18="Missing",Q18="N/A",Q18="Still Employed"),Q18,ISNUMBER(SEARCH(",",Q18)),DATEVALUE(Q18),AND(ISNUMBER(SEARCH("-",Q18)),ISNUMBER(VALUE(LEFT(Q18,4)))),DATE(LEFT(Q18,4),MID(Q18,6,2),RIGHT(Q18,2)),ISNUMBER(SEARCH("-",Q18)),DATE(RIGHT(Q18,4),MID(Q18,4,2),LEFT(Q18,2)),ISNUMBER(SEARCH("/",Q18)),DATE(RIGHT(Q18,4),MID(Q18,4,2),LEFT(Q18,2)),TRUE,"Check Manually")} -> 44481 | S18: =IF(OR(R18="Missing",R18="N/A",R18="Still Employed"),DATEDIF(O18,TODAY(),"y") &" Years, " &DATEDIF(O18,TODAY(),"ym") & " Months, "&DATEDIF(O18,TODAY(),"md") &" Days",DATEDIF(O18,R18,"y") &" Years, " &DATEDIF(O18,R18,"ym") & " Months, "&DATEDIF(O18,R18,"md") &" Days") -> 3 Years, 6 Months, 29 Days | T18: =VALUE(LEFT(S18,FIND(" Years",S18)-1))*365.25 + VALUE(MID(S18,FIND(", ",S18)+2,FIND(" Months",S18)-FIND(", ",S18)-2))*30.44 + VALUE(MID(S18,FIND("Months, ",S18)+8,FIND(" Days",S18)-FIND("Months, ",S18)-8)) -> 1307.39 | U18: {=_xlfn.IFS(OR(R18="Missing",R18="N/A",R18="Still Employed"),"Unknown",ISNUMBER(R18),"Exited",TRUE,"Unknown")} -> Exited | V18: =IF(U18="Exited",YEAR(R18),"") -> 2021 | W18: =IF(OR(R18="Missing",R18="N/A",R18="Still Employed"),"Active","Exited") -> Exited | X18: 129820 | Y18: =TRIM(X18) -> 129820 | Z18: {=_xlfn.IFS(Y18="","0",LEFT(Y18,5)="",Y18,LEFT(Y18,1)="₹",REPLACE(Y18,1,1,""),LEFT(Y18,4)="Rs. ",REPLACE(Y18,1,4,""),TRUE,Y18)} -> 129820 | AA18: =SUBSTITUTE(Z18,",","") -> 129820 | AB18: Good | AC18: =IF(AB18="","Not Rated",AB18) -> Good | AD18: 19 | AE18: {=_xlfn.IFS(AD18="",0,AD18<0,"Negate Leave",AD18>=0,AD18)} -> 19 | AI18: Sales
A19: 5119 | B19: Kavya Naidu | C19: =IF(ISNUMBER(SEARCH(",",B19)), TRIM(MID(B19,FIND(",",B19)+1,LEN(B19))&" "&LEFT(B19,FIND(",",B19)-1)), B19) -> Kavya Naidu | D19: =PROPER(TRIM(C19)) -> Kavya Naidu | E19: Female | F19: Engineering | G19: D01 | H19: =_xlfn.XLOOKUP(G19,Lookup_Tables!$A$4:$A$9,Lookup_Tables!$C$4:$C$9,"Not Found",0) -> Ananya Sen | I19: Bengaluru | J19: kavya.naidu@company.com | K19: =IF(J19="","No Email ID",SUBSTITUTE(J19,"companycom","company.com")) -> kavya.naidu@company.com | L19: 1533142044 | M19: =SUBSTITUTE(L19," ","") -> 1533142044 | N19: {=_xlfn.IFS(M19="","Incomplete",LEN(M19)<10,"Invalid",AND(LEN(M19) =10,LEFT(M19,4) <>"+91-"),"+91-"&M19,TRUE,M19)} -> +91-1533142044 | O19: 2020-01-04 | P19: Still Employed | Q19: =IF(P19="","Missing",P19) -> Still Employed | R19: {=_xlfn.IFS(OR(Q19="Missing",Q19="N/A",Q19="Still Employed"),Q19,ISNUMBER(SEARCH(",",Q19)),DATEVALUE(Q19),AND(ISNUMBER(SEARCH("-",Q19)),ISNUMBER(VALUE(LEFT(Q19,4)))),DATE(LEFT(Q19,4),MID(Q19,6,2),RIGHT(Q19,2)),ISNUMBER(SEARCH("-",Q19)),DATE(RIGHT(Q19,4),MID(Q19,4,2),LEFT(Q19,2)),ISNUMBER(SEARCH("/",Q19)),DATE(RIGHT(Q19,4),MID(Q19,4,2),LEFT(Q19,2)),TRUE,"Check Manually")} -> Still Employed | S19: =IF(OR(R19="Missing",R19="N/A",R19="Still Employed"),DATEDIF(O19,TODAY(),"y") &" Years, " &DATEDIF(O19,TODAY(),"ym") & " Months, "&DATEDIF(O19,TODAY(),"md") &" Days",DATEDIF(O19,R19,"y") &" Years, " &DATEDIF(O19,R19,"ym") & " Months, "&DATEDIF(O19,R19,"md") &" Days") -> 6 Years, 6 Months, 17 Days | T19: =VALUE(LEFT(S19,FIND(" Years",S19)-1))*365.25 + VALUE(MID(S19,FIND(", ",S19)+2,FIND(" Months",S19)-FIND(", ",S19)-2))*30.44 + VALUE(MID(S19,FIND("Months, ",S19)+8,FIND(" Days",S19)-FIND("Months, ",S19)-8)) -> 2391.14 | U19: {=_xlfn.IFS(OR(R19="Missing",R19="N/A",R19="Still Employed"),"Unknown",ISNUMBER(R19),"Exited",TRUE,"Unknown")} -> Unknown | V19: =IF(U19="Exited",YEAR(R19),"") | W19: =IF(OR(R19="Missing",R19="N/A",R19="Still Employed"),"Active","Exited") -> Active | Y19: =TRIM(X19) | Z19: {=_xlfn.IFS(Y19="","0",LEFT(Y19,5)="",Y19,LEFT(Y19,1)="₹",REPLACE(Y19,1,1,""),LEFT(Y19,4)="Rs. ",REPLACE(Y19,1,4,""),TRUE,Y19)} -> 0 | AA19: =SUBSTITUTE(Z19,",","") -> 0 | AC19: =IF(AB19="","Not Rated",AB19) -> Not Rated | AD19: 10 | AE19: {=_xlfn.IFS(AD19="",0,AD19<0,"Negate Leave",AD19>=0,AD19)} -> 10 | AI19: HR | AJ19: 2019-04-08 | AK19: 45357 | AL19: =DAY(AK19) -> 6 | AM19: =MONTH(AK19) -> 3 | AN19: =YEAR(AK19) -> 2024
A20: 5262 | B20: Varun Rao | C20: =IF(ISNUMBER(SEARCH(",",B20)), TRIM(MID(B20,FIND(",",B20)+1,LEN(B20))&" "&LEFT(B20,FIND(",",B20)-1)), B20) -> Varun Rao | D20: =PROPER(TRIM(C20)) -> Varun Rao | E20: Female | F20: Sales | G20: D02 | H20: =_xlfn.XLOOKUP(G20,Lookup_Tables!$A$4:$A$9,Lookup_Tables!$C$4:$C$9,"Not Found",0) -> Rajiv Kapoor | I20: Delhi | J20: varun.rao@company.com | K20: =IF(J20="","No Email ID",SUBSTITUTE(J20,"companycom","company.com")) -> varun.rao@company.com | L20: 4907969025 | M20: =SUBSTITUTE(L20," ","") -> 4907969025 | N20: {=_xlfn.IFS(M20="","Incomplete",LEN(M20)<10,"Invalid",AND(LEN(M20) =10,LEFT(M20,4) <>"+91-"),"+91-"&M20,TRUE,M20)} -> +91-4907969025 | O20: 2019-04-26 | P20: Still Employed | Q20: =IF(P20="","Missing",P20) -> Still Employed | R20: {=_xlfn.IFS(OR(Q20="Missing",Q20="N/A",Q20="Still Employed"),Q20,ISNUMBER(SEARCH(",",Q20)),DATEVALUE(Q20),AND(ISNUMBER(SEARCH("-",Q20)),ISNUMBER(VALUE(LEFT(Q20,4)))),DATE(LEFT(Q20,4),MID(Q20,6,2),RIGHT(Q20,2)),ISNUMBER(SEARCH("-",Q20)),DATE(RIGHT(Q20,4),MID(Q20,4,2),LEFT(Q20,2)),ISNUMBER(SEARCH("/",Q20)),DATE(RIGHT(Q20,4),MID(Q20,4,2),LEFT(Q20,2)),TRUE,"Check Manually")} -> Still Employed | S20: =IF(OR(R20="Missing",R20="N/A",R20="Still Employed"),DATEDIF(O20,TODAY(),"y") &" Years, " &DATEDIF(O20,TODAY(),"ym") & " Months, "&DATEDIF(O20,TODAY(),"md") &" Days",DATEDIF(O20,R20,"y") &" Years, " &DATEDIF(O20,R20,"ym") & " Months, "&DATEDIF(O20,R20,"md") &" Days") -> 7 Years, 2 Months, 25 Days | T20: =VALUE(LEFT(S20,FIND(" Years",S20)-1))*365.25 + VALUE(MID(S20,FIND(", ",S20)+2,FIND(" Months",S20)-FIND(", ",S20)-2))*30.44 + VALUE(MID(S20,FIND("Months, ",S20)+8,FIND(" Days",S20)-FIND("Months, ",S20)-8)) -> 2642.63 | U20: {=_xlfn.IFS(OR(R20="Missing",R20="N/A",R20="Still Employed"),"Unknown",ISNUMBER(R20),"Exited",TRUE,"Unknown")} -> Unknown | V20: =IF(U20="Exited",YEAR(R20),"") | W20: =IF(OR(R20="Missing",R20="N/A",R20="Still Employed"),"Active","Exited") -> Active | X20: Rs. 171,338 | Y20: =TRIM(X20) -> Rs. 171,338 | Z20: {=_xlfn.IFS(Y20="","0",LEFT(Y20,5)="",Y20,LEFT(Y20,1)="₹",REPLACE(Y20,1,1,""),LEFT(Y20,4)="Rs. ",REPLACE(Y20,1,4,""),TRUE,Y20)} -> 171,338 | AA20: =SUBSTITUTE(Z20,",","") -> 171338 | AB20: Below Average | AC20: =IF(AB20="","Not Rated",AB20) -> Below Average | AD20: 13 | AE20: {=_xlfn.IFS(AD20="",0,AD20<0,"Negate Leave",AD20>=0,AD20)} -> 13 | AI20: 0
A21: 5033 | B21: Reddy, Deepak | C21: =IF(ISNUMBER(SEARCH(",",B21)), TRIM(MID(B21,FIND(",",B21)+1,LEN(B21))&" "&LEFT(B21,FIND(",",B21)-1)), B21) -> Deepak Reddy | D21: =PROPER(TRIM(C21)) -> Deepak Reddy | E21: Female | F21: Engineering | G21: D01 | H21: =_xlfn.XLOOKUP(G21,Lookup_Tables!$A$4:$A$9,Lookup_Tables!$C$4:$C$9,"Not Found",0) -> Ananya Sen | I21: Kolkata | J21: deepakreddy@companycom | K21: =IF(J21="","No Email ID",SUBSTITUTE(J21,"companycom","company.com")) -> deepakreddy@company.com | L21: 4293557591 | M21: =SUBSTITUTE(L21," ","") -> 4293557591 | N21: {=_xlfn.IFS(M21="","Incomplete",LEN(M21)<10,"Invalid",AND(LEN(M21) =10,LEFT(M21,4) <>"+91-"),"+91-"&M21,TRUE,M21)} -> +91-4293557591 | O21: 2020-10-25 | P21: 30/06/2025 | Q21: =IF(P21="","Missing",P21) -> 30/06/2025 | R21: {=_xlfn.IFS(OR(Q21="Missing",Q21="N/A",Q21="Still Employed"),Q21,ISNUMBER(SEARCH(",",Q21)),DATEVALUE(Q21),AND(ISNUMBER(SEARCH("-",Q21)),ISNUMBER(VALUE(LEFT(Q21,4)))),DATE(LEFT(Q21,4),MID(Q21,6,2),RIGHT(Q21,2)),ISNUMBER(SEARCH("-",Q21)),DATE(RIGHT(Q21,4),MID(Q21,4,2),LEFT(Q21,2)),ISNUMBER(SEARCH("/",Q21)),DATE(RIGHT(Q21,4),MID(Q21,4,2),LEFT(Q21,2)),TRUE,"Check Manually")} -> 45838 | S21: =IF(OR(R21="Missing",R21="N/A",R21="Still Employed"),DATEDIF(O21,TODAY(),"y") &" Years, " &DATEDIF(O21,TODAY(),"ym") & " Months, "&DATEDIF(O21,TODAY(),"md") &" Days",DATEDIF(O21,R21,"y") &" Years, " &DATEDIF(O21,R21,"ym") & " Months, "&DATEDIF(O21,R21,"md") &" Days") -> 4 Years, 8 Months, 5 Days | T21: =VALUE(LEFT(S21,FIND(" Years",S21)-1))*365.25 + VALUE(MID(S21,FIND(", ",S21)+2,FIND(" Months",S21)-FIND(", ",S21)-2))*30.44 + VALUE(MID(S21,FIND("Months, ",S21)+8,FIND(" Days",S21)-FIND("Months, ",S21)-8)) -> 1709.52 | U21: {=_xlfn.IFS(OR(R21="Missing",R21="N/A",R21="Still Employed"),"Unknown",ISNUMBER(R21),"Exited",TRUE,"Unknown")} -> Exited | V21: =IF(U21="Exited",YEAR(R21),"") -> 2025 | W21: =IF(OR(R21="Missing",R21="N/A",R21="Still Employed"),"Active","Exited") -> Exited | X21: 69,788 | Y21: =TRIM(X21) -> 69,788 | Z21: {=_xlfn.IFS(Y21="","0",LEFT(Y21,5)="",Y21,LEFT(Y21,1)="₹",REPLACE(Y21,1,1,""),LEFT(Y21,4)="Rs. ",REPLACE(Y21,1,4,""),TRUE,Y21)} -> 69,788 | AA21: =SUBSTITUTE(Z21,",","") -> 69788 | AB21: Good | AC21: =IF(AB21="","Not Rated",AB21) -> Good | AD21: -1 | AE21: {=_xlfn.IFS(AD21="",0,AD21<0,"Negate Leave",AD21>=0,AD21)} -> Negate Leave | AK21: =AK19-AJ19 -> 1794 | AL21: =_xlfn.DAYS(AK19,AJ19) -> 1794
A22: 5187 | B22: Kirti Iyer | C22: =IF(ISNUMBER(SEARCH(",",B22)), TRIM(MID(B22,FIND(",",B22)+1,LEN(B22))&" "&LEFT(B22,FIND(",",B22)-1)), B22) -> Kirti Iyer | D22: =PROPER(TRIM(C22)) -> Kirti Iyer | E22: Female | F22: Marketing | G22: D04 | H22: =_xlfn.XLOOKUP(G22,Lookup_Tables!$A$4:$A$9,Lookup_Tables!$C$4:$C$9,"Not Found",0) -> Vivek Malhotra | I22: Chennai | J22: kirti.iyer@company.com | K22: =IF(J22="","No Email ID",SUBSTITUTE(J22,"companycom","company.com")) -> kirti.iyer@company.com | L22: 3326596442 | M22: =SUBSTITUTE(L22," ","") -> 3326596442 | N22: {=_xlfn.IFS(M22="","Incomplete",LEN(M22)<10,"Invalid",AND(LEN(M22) =10,LEFT(M22,4) <>"+91-"),"+91-"&M22,TRUE,M22)} -> +91-3326596442 | O22: 2021-08-03 | P22: Still Employed | Q22: =IF(P22="","Missing",P22) -> Still Employed | R22: {=_xlfn.IFS(OR(Q22="Missing",Q22="N/A",Q22="Still Employed"),Q22,ISNUMBER(SEARCH(",",Q22)),DATEVALUE(Q22),AND(ISNUMBER(SEARCH("-",Q22)),ISNUMBER(VALUE(LEFT(Q22,4)))),DATE(LEFT(Q22,4),MID(Q22,6,2),RIGHT(Q22,2)),ISNUMBER(SEARCH("-",Q22)),DATE(RIGHT(Q22,4),MID(Q22,4,2),LEFT(Q22,2)),ISNUMBER(SEARCH("/",Q22)),DATE(RIGHT(Q22,4),MID(Q22,4,2),LEFT(Q22,2)),TRUE,"Check Manually")} -> Still Employed | S22: =IF(OR(R22="Missing",R22="N/A",R22="Still Employed"),DATEDIF(O22,TODAY(),"y") &" Years, " &DATEDIF(O22,TODAY(),"ym") & " Months, "&DATEDIF(O22,TODAY(),"md") &" Days",DATEDIF(O22,R22,"y") &" Years, " &DATEDIF(O22,R22,"ym") & " Months, "&DATEDIF(O22,R22,"md") &" Days") -> 4 Years, 11 Months, 18 Days | T22: =VALUE(LEFT(S22,FIND(" Years",S22)-1))*365.25 + VALUE(MID(S22,FIND(", ",S22)+2,FIND(" Months",S22)-FIND(", ",S22)-2))*30.44 + VALUE(MID(S22,FIND("Months, ",S22)+8,FIND(" Days",S22)-FIND("Months, ",S22)-8)) -> 1813.84 | U22: {=_xlfn.IFS(OR(R22="Missing",R22="N/A",R22="Still Employed"),"Unknown",ISNUMBER(R22),"Exited",TRUE,"Unknown")} -> Unknown | V22: =IF(U22="Exited",YEAR(R22),"") | W22: =IF(OR(R22="Missing",R22="N/A",R22="Still Employed"),"Active","Exited") -> Active | X22: 177349 | Y22: =TRIM(X22) -> 177349 | Z22: {=_xlfn.IFS(Y22="","0",LEFT(Y22,5)="",Y22,LEFT(Y22,1)="₹",REPLACE(Y22,1,1,""),LEFT(Y22,4)="Rs. ",REPLACE(Y22,1,4,""),TRUE,Y22)} -> 177349 | AA22: =SUBSTITUTE(Z22,",","") -> 177349 | AB22: Good | AC22: =IF(AB22="","Not Rated",AB22) -> Good | AD22: 7 | AE22: {=_xlfn.IFS(AD22="",0,AD22<0,"Negate Leave",AD22>=0,AD22)} -> 7 | AL22: =DATEDIF(0,AL21,"y") -> 4
A23: 5234 | B23: Manish Trivedi | C23: =IF(ISNUMBER(SEARCH(",",B23)), TRIM(MID(B23,FIND(",",B23)+1,LEN(B23))&" "&LEFT(B23,FIND(",",B23)-1)), B23) -> Manish Trivedi | D23: =PROPER(TRIM(C23)) -> Manish Trivedi | E23: Female | F23: Customer Support | G23: D06 | H23: =_xlfn.XLOOKUP(G23,Lookup_Tables!$A$4:$A$9,Lookup_Tables!$C$4:$C$9,"Not Found",0) -> Faisal Ahmed | I23: Mumbai | J23: manish.trivedi@company.com | K23: =IF(J23="","No Email ID",SUBSTITUTE(J23,"companycom","company.com")) -> manish.trivedi@company.com | L23: +91-1825477549 | M23: =SUBSTITUTE(L23," ","") -> +91-1825477549 | N23: {=_xlfn.IFS(M23="","Incomplete",LEN(M23)<10,"Invalid",AND(LEN(M23) =10,LEFT(M23,4) <>"+91-"),"+91-"&M23,TRUE,M23)} -> +91-1825477549 | O23: 2022-05-19 | P23: 30/06/2025 | Q23: =IF(P23="","Missing",P23) -> 30/06/2025 | R23: {=_xlfn.IFS(OR(Q23="Missing",Q23="N/A",Q23="Still Employed"),Q23,ISNUMBER(SEARCH(",",Q23)),DATEVALUE(Q23),AND(ISNUMBER(SEARCH("-",Q23)),ISNUMBER(VALUE(LEFT(Q23,4)))),DATE(LEFT(Q23,4),MID(Q23,6,2),RIGHT(Q23,2)),ISNUMBER(SEARCH("-",Q23)),DATE(RIGHT(Q23,4),MID(Q23,4,2),LEFT(Q23,2)),ISNUMBER(SEARCH("/",Q23)),DATE(RIGHT(Q23,4),MID(Q23,4,2),LEFT(Q23,2)),TRUE,"Check Manually")} -> 45838 | S23: =IF(OR(R23="Missing",R23="N/A",R23="Still Employed"),DATEDIF(O23,TODAY(),"y") &" Years, " &DATEDIF(O23,TODAY(),"ym") & " Months, "&DATEDIF(O23,TODAY(),"md") &" Days",DATEDIF(O23,R23,"y") &" Years, " &DATEDIF(O23,R23,"ym") & " Months, "&DATEDIF(O23,R23,"md") &" Days") -> 3 Years, 1 Months, 11 Days | T23: =VALUE(LEFT(S23,FIND(" Years",S23)-1))*365.25 + VALUE(MID(S23,FIND(", ",S23)+2,FIND(" Months",S23)-FIND(", ",S23)-2))*30.44 + VALUE(MID(S23,FIND("Months, ",S23)+8,FIND(" Days",S23)-FIND("Months, ",S23)-8)) -> 1137.19 | U23: {=_xlfn.IFS(OR(R23="Missing",R23="N/A",R23="Still Employed"),"Unknown",ISNUMBER(R23),"Exited",TRUE,"Unknown")} -> Exited | V23: =IF(U23="Exited",YEAR(R23),"") -> 2025 | W23: =IF(OR(R23="Missing",R23="N/A",R23="Still Employed"),"Active","Exited") -> Exited | X23: Rs. 157,049 | Y23: =TRIM(X23) -> Rs. 157,049 | Z23: {=_xlfn.IFS(Y23="","0",LEFT(Y23,5)="",Y23,LEFT(Y23,1)="₹",REPLACE(Y23,1,1,""),LEFT(Y23,4)="Rs. ",REPLACE(Y23,1,4,""),TRUE,Y23)} -> 157,049 | AA23: =SUBSTITUTE(Z23,",","") -> 157049 | AB23: Below Average | AC23: =IF(AB23="","Not Rated",AB23) -> Below Average | AD23: 18 | AE23: {=_xlfn.IFS(AD23="",0,AD23<0,"Negate Leave",AD23>=0,AD23)} -> 18 | AI23: IFERROR(AVERAGEIFS($D$2:$D$296, $B$2:$B$296, H2), 0) | AL23: =DATEDIF(0,AL21,"ym") -> 10
A24: 5257 | B24: Naidu, Kavya | C24: =IF(ISNUMBER(SEARCH(",",B24)), TRIM(MID(B24,FIND(",",B24)+1,LEN(B24))&" "&LEFT(B24,FIND(",",B24)-1)), B24) -> Kavya Naidu | D24: =PROPER(TRIM(C24)) -> Kavya Naidu | E24: Male | F24: HR | G24: D03 | H24: =_xlfn.XLOOKUP(G24,Lookup_Tables!$A$4:$A$9,Lookup_Tables!$C$4:$C$9,"Not Found",0) -> Sunita Rao | I24: Hyderabad | J24: kavya.naidu@company.com | K24: =IF(J24="","No Email ID",SUBSTITUTE(J24,"companycom","company.com")) -> kavya.naidu@company.com | L24: 7175635077 | M24: =SUBSTITUTE(L24," ","") -> 7175635077 | N24: {=_xlfn.IFS(M24="","Incomplete",LEN(M24)<10,"Invalid",AND(LEN(M24) =10,LEFT(M24,4) <>"+91-"),"+91-"&M24,TRUE,M24)} -> +91-7175635077 | O24: 2023-10-19 | P24: N/A | Q24: =IF(P24="","Missing",P24) -> N/A | R24: {=_xlfn.IFS(OR(Q24="Missing",Q24="N/A",Q24="Still Employed"),Q24,ISNUMBER(SEARCH(",",Q24)),DATEVALUE(Q24),AND(ISNUMBER(SEARCH("-",Q24)),ISNUMBER(VALUE(LEFT(Q24,4)))),DATE(LEFT(Q24,4),MID(Q24,6,2),RIGHT(Q24,2)),ISNUMBER(SEARCH("-",Q24)),DATE(RIGHT(Q24,4),MID(Q24,4,2),LEFT(Q24,2)),ISNUMBER(SEARCH("/",Q24)),DATE(RIGHT(Q24,4),MID(Q24,4,2),LEFT(Q24,2)),TRUE,"Check Manually")} -> N/A | S24: =IF(OR(R24="Missing",R24="N/A",R24="Still Employed"),DATEDIF(O24,TODAY(),"y") &" Years, " &DATEDIF(O24,TODAY(),"ym") & " Months, "&DATEDIF(O24,TODAY(),"md") &" Days",DATEDIF(O24,R24,"y") &" Years, " &DATEDIF(O24,R24,"ym") & " Months, "&DATEDIF(O24,R24,"md") &" Days") -> 2 Years, 9 Months, 2 Days | T24: =VALUE(LEFT(S24,FIND(" Years",S24)-1))*365.25 + VALUE(MID(S24,FIND(", ",S24)+2,FIND(" Months",S24)-FIND(", ",S24)-2))*30.44 + VALUE(MID(S24,FIND("Months, ",S24)+8,FIND(" Days",S24)-FIND("Months, ",S24)-8)) -> 1006.46 | U24: {=_xlfn.IFS(OR(R24="Missing",R24="N/A",R24="Still Employed"),"Unknown",ISNUMBER(R24),"Exited",TRUE,"Unknown")} -> Unknown | V24: =IF(U24="Exited",YEAR(R24),"") | W24: =IF(OR(R24="Missing",R24="N/A",R24="Still Employed"),"Active","Exited") -> Active | X24: ₹68,179 | Y24: =TRIM(X24) -> ₹68,179 | Z24: {=_xlfn.IFS(Y24="","0",LEFT(Y24,5)="",Y24,LEFT(Y24,1)="₹",REPLACE(Y24,1,1,""),LEFT(Y24,4)="Rs. ",REPLACE(Y24,1,4,""),TRUE,Y24)} -> 68,179 | AA24: =SUBSTITUTE(Z24,",","") -> 68179 | AB24: Poor | AC24: =IF(AB24="","Not Rated",AB24) -> Poor | AD24: 11 | AE24: {=_xlfn.IFS(AD24="",0,AD24<0,"Negate Leave",AD24>=0,AD24)} -> 11 | AL24: =DATEDIF(0,AL21,"md") -> 28
A25: 5222 | B25: Anita Trivedi | C25: =IF(ISNUMBER(SEARCH(",",B25)), TRIM(MID(B25,FIND(",",B25)+1,LEN(B25))&" "&LEFT(B25,FIND(",",B25)-1)), B25) -> Anita Trivedi | D25: =PROPER(TRIM(C25)) -> Anita Trivedi | E25: Male | F25: Customer Support | G25: D06 | H25: =_xlfn.XLOOKUP(G25,Lookup_Tables!$A$4:$A$9,Lookup_Tables!$C$4:$C$9,"Not Found",0) -> Faisal Ahmed | I25: Ahmedabad | J25: anita.trivedi@company.com | K25: =IF(J25="","No Email ID",SUBSTITUTE(J25,"companycom","company.com")) -> anita.trivedi@company.com | L25: 5604428899 | M25: =SUBSTITUTE(L25," ","") -> 5604428899 | N25: {=_xlfn.IFS(M25="","Incomplete",LEN(M25)<10,"Invalid",AND(LEN(M25) =10,LEFT(M25,4) <>"+91-"),"+91-"&M25,TRUE,M25)} -> +91-5604428899 | O25: 2021-02-04 | Q25: =IF(P25="","Missing",P25) -> Missing | R25: {=_xlfn.IFS(OR(Q25="Missing",Q25="N/A",Q25="Still Employed"),Q25,ISNUMBER(SEARCH(",",Q25)),DATEVALUE(Q25),AND(ISNUMBER(SEARCH("-",Q25)),ISNUMBER(VALUE(LEFT(Q25,4)))),DATE(LEFT(Q25,4),MID(Q25,6,2),RIGHT(Q25,2)),ISNUMBER(SEARCH("-",Q25)),DATE(RIGHT(Q25,4),MID(Q25,4,2),LEFT(Q25,2)),ISNUMBER(SEARCH("/",Q25)),DATE(RIGHT(Q25,4),MID(Q25,4,2),LEFT(Q25,2)),TRUE,"Check Manually")} -> Missing | S25: =IF(OR(R25="Missing",R25="N/A",R25="Still Employed"),DATEDIF(O25,TODAY(),"y") &" Years, " &DATEDIF(O25,TODAY(),"ym") & " Months, "&DATEDIF(O25,TODAY(),"md") &" Days",DATEDIF(O25,R25,"y") &" Years, " &DATEDIF(O25,R25,"ym") & " Months, "&DATEDIF(O25,R25,"md") &" Days") -> 5 Years, 5 Months, 17 Days | T25: =VALUE(LEFT(S25,FIND(" Years",S25)-1))*365.25 + VALUE(MID(S25,FIND(", ",S25)+2,FIND(" Months",S25)-FIND(", ",S25)-2))*30.44 + VALUE(MID(S25,FIND("Months, ",S25)+8,FIND(" Days",S25)-FIND("Months, ",S25)-8)) -> 1995.45 | U25: {=_xlfn.IFS(OR(R25="Missing",R25="N/A",R25="Still Employed"),"Unknown",ISNUMBER(R25),"Exited",TRUE,"Unknown")} -> Unknown | V25: =IF(U25="Exited",YEAR(R25),"") | W25: =IF(OR(R25="Missing",R25="N/A",R25="Still Employed"),"Active","Exited") -> Active | X25: 108898 | Y25: =TRIM(X25) -> 108898 | Z25: {=_xlfn.IFS(Y25="","0",LEFT(Y25,5)="",Y25,LEFT(Y25,1)="₹",REPLACE(Y25,1,1,""),LEFT(Y25,4)="Rs. ",REPLACE(Y25,1,4,""),TRUE,Y25)} -> 108898 | AA25: =SUBSTITUTE(Z25,",","") -> 108898 | AB25: Good | AC25: =IF(AB25="","Not Rated",AB25) -> Good | AD25: 24 | AE25: {=_xlfn.IFS(AD25="",0,AD25<0,"Negate Leave",AD25>=0,AD25)} -> 24
A26: 5081 | B26: Mehta, Isha | C26: =IF(ISNUMBER(SEARCH(",",B26)), TRIM(MID(B26,FIND(",",B26)+1,LEN(B26))&" "&LEFT(B26,FIND(",",B26)-1)), B26) -> Isha Mehta | D26: =PROPER(TRIM(C26)) -> Isha Mehta | E26: female | F26: Marketing | G26: D04 | H26: =_xlfn.XLOOKUP(G26,Lookup_Tables!$A$4:$A$9,Lookup_Tables!$C$4:$C$9,"Not Found",0) -> Vivek Malhotra | I26: Hyderabad | J26: isha.mehta@company.com | K26: =IF(J26="","No Email ID",SUBSTITUTE(J26,"companycom","company.com")) -> isha.mehta@company.com | M26: =SUBSTITUTE(L26," ","") | N26: {=_xlfn.IFS(M26="","Incomplete",LEN(M26)<10,"Invalid",AND(LEN(M26) =10,LEFT(M26,4) <>"+91-"),"+91-"&M26,TRUE,M26)} -> Incomplete | O26: 2024-01-31 | P26: Oct 10, 2024 | Q26: =IF(P26="","Missing",P26) -> Oct 10, 2024 | R26: {=_xlfn.IFS(OR(Q26="Missing",Q26="N/A",Q26="Still Employed"),Q26,ISNUMBER(SEARCH(",",Q26)),DATEVALUE(Q26),AND(ISNUMBER(SEARCH("-",Q26)),ISNUMBER(VALUE(LEFT(Q26,4)))),DATE(LEFT(Q26,4),MID(Q26,6,2),RIGHT(Q26,2)),ISNUMBER(SEARCH("-",Q26)),DATE(RIGHT(Q26,4),MID(Q26,4,2),LEFT(Q26,2)),ISNUMBER(SEARCH("/",Q26)),DATE(RIGHT(Q26,4),MID(Q26,4,2),LEFT(Q26,2)),TRUE,"Check Manually")} -> 45575 | S26: =IF(OR(R26="Missing",R26="N/A",R26="Still Employed"),DATEDIF(O26,TODAY(),"y") &" Years, " &DATEDIF(O26,TODAY(),"ym") & " Months, "&DATEDIF(O26,TODAY(),"md") &" Days",DATEDIF(O26,R26,"y") &" Years, " &DATEDIF(O26,R26,"ym") & " Months, "&DATEDIF(O26,R26,"md") &" Days") -> 0 Years, 8 Months, 9 Days | T26: =VALUE(LEFT(S26,FIND(" Years",S26)-1))*365.25 + VALUE(MID(S26,FIND(", ",S26)+2,FIND(" Months",S26)-FIND(", ",S26)-2))*30.44 + VALUE(MID(S26,FIND("Months, ",S26)+8,FIND(" Days",S26)-FIND("Months, ",S26)-8)) -> 252.52 | U26: {=_xlfn.IFS(OR(R26="Missing",R26="N/A",R26="Still Employed"),"Unknown",ISNUMBER(R26),"Exited",TRUE,"Unknown")} -> Exited | V26: =IF(U26="Exited",YEAR(R26),"") -> 2024 | W26: =IF(OR(R26="Missing",R26="N/A",R26="Still Employed"),"Active","Exited") -> Exited | X26: 61346 | Y26: =TRIM(X26) -> 61346 | Z26: {=_xlfn.IFS(Y26="","0",LEFT(Y26,5)="",Y26,LEFT(Y26,1)="₹",REPLACE(Y26,1,1,""),LEFT(Y26,4)="Rs. ",REPLACE(Y26,1,4,""),TRUE,Y26)} -> 61346 | AA26: =SUBSTITUTE(Z26,",","") -> 61346 | AB26: Average | AC26: =IF(AB26="","Not Rated",AB26) -> Average | AD26: 15 | AE26: {=_xlfn.IFS(AD26="",0,AD26<0,"Negate Leave",AD26>=0,AD26)} -> 15
A27: 5305 | B27: Desai, Anita | C27: =IF(ISNUMBER(SEARCH(",",B27)), TRIM(MID(B27,FIND(",",B27)+1,LEN(B27))&" "&LEFT(B27,FIND(",",B27)-1)), B27) -> Anita Desai | D27: =PROPER(TRIM(C27)) -> Anita Desai | E27: female | F27: Marketing | G27: D04 | H27: =_xlfn.XLOOKUP(G27,Lookup_Tables!$A$4:$A$9,Lookup_Tables!$C$4:$C$9,"Not Found",0) -> Vivek Malhotra | I27: Mumbai | J27: anita.desai@company.com | K27: =IF(J27="","No Email ID",SUBSTITUTE(J27,"companycom","company.com")) -> anita.desai@company.com | L27: 5974426531 | M27: =SUBSTITUTE(L27," ","") -> 5974426531 | N27: {=_xlfn.IFS(M27="","Incomplete",LEN(M27)<10,"Invalid",AND(LEN(M27) =10,LEFT(M27,4) <>"+91-"),"+91-"&M27,TRUE,M27)} -> +91-5974426531 | O27: 2020-10-12 | P27: Still Employed | Q27: =IF(P27="","Missing",P27) -> Still Employed | R27: {=_xlfn.IFS(OR(Q27="Missing",Q27="N/A",Q27="Still Employed"),Q27,ISNUMBER(SEARCH(",",Q27)),DATEVALUE(Q27),AND(ISNUMBER(SEARCH("-",Q27)),ISNUMBER(VALUE(LEFT(Q27,4)))),DATE(LEFT(Q27,4),MID(Q27,6,2),RIGHT(Q27,2)),ISNUMBER(SEARCH("-",Q27)),DATE(RIGHT(Q27,4),MID(Q27,4,2),LEFT(Q27,2)),ISNUMBER(SEARCH("/",Q27)),DATE(RIGHT(Q27,4),MID(Q27,4,2),LEFT(Q27,2)),TRUE,"Check Manually")} -> Still Employed | S27: =IF(OR(R27="Missing",R27="N/A",R27="Still Employed"),DATEDIF(O27,TODAY(),"y") &" Years, " &DATEDIF(O27,TODAY(),"ym") & " Months, "&DATEDIF(O27,TODAY(),"md") &" Days",DATEDIF(O27,R27,"y") &" Years, " &DATEDIF(O27,R27,"ym") & " Months, "&DATEDIF(O27,R27,"md") &" Days") -> 5 Years, 9 Months, 9 Days | T27: =VALUE(LEFT(S27,FIND(" Years",S27)-1))*365.25 + VALUE(MID(S27,FIND(", ",S27)+2,FIND(" Months",S27)-FIND(", ",S27)-2))*30.44 + VALUE(MID(S27,FIND("Months, ",S27)+8,FIND(" Days",S27)-FIND("Months, ",S27)-8)) -> 2109.21 | U27: {=_xlfn.IFS(OR(R27="Missing",R27="N/A",R27="Still Employed"),"Unknown",ISNUMBER(R27),"Exited",TRUE,"Unknown")} -> Unknown | V27: =IF(U27="Exited",YEAR(R27),"") | W27: =IF(OR(R27="Missing",R27="N/A",R27="Still Employed"),"Active","Exited") -> Active | X27: 41487 | Y27: =TRIM(X27) -> 41487 | Z27: {=_xlfn.IFS(Y27="","0",LEFT(Y27,5)="",Y27,LEFT(Y27,1)="₹",REPLACE(Y27,1,1,""),LEFT(Y27,4)="Rs. ",REPLACE(Y27,1,4,""),TRUE,Y27)} -> 41487 | AA27: =SUBSTITUTE(Z27,",","") -> 41487 | AB27: Poor | AC27: =IF(AB27="","Not Rated",AB27) -> Poor | AD27: 13 | AE27: {=_xlfn.IFS(AD27="",0,AD27<0,"Negate Leave",AD27>=0,AD27)} -> 13
A28: 5199 | B28: KARTHIK BHATT | C28: =IF(ISNUMBER(SEARCH(",",B28)), TRIM(MID(B28,FIND(",",B28)+1,LEN(B28))&" "&LEFT(B28,FIND(",",B28)-1)), B28) -> KARTHIK BHATT | D28: =PROPER(TRIM(C28)) -> Karthik Bhatt | E28: Male | F28: Marketing | G28: D04 | H28: =_xlfn.XLOOKUP(G28,Lookup_Tables!$A$4:$A$9,Lookup_Tables!$C$4:$C$9,"Not Found",0) -> Vivek Malhotra | I28: Ahmedabad | J28: karthik.bhatt@company.com | K28: =IF(J28="","No Email ID",SUBSTITUTE(J28,"companycom","company.com")) -> karthik.bhatt@company.com | L28: 7774951879 | M28: =SUBSTITUTE(L28," ","") -> 7774951879 | N28: {=_xlfn.IFS(M28="","Incomplete",LEN(M28)<10,"Invalid",AND(LEN(M28) =10,LEFT(M28,4) <>"+91-"),"+91-"&M28,TRUE,M28)} -> +91-7774951879 | O28: 2019-10-20 | Q28: =IF(P28="","Missing",P28) -> Missing | R28: {=_xlfn.IFS(OR(Q28="Missing",Q28="N/A",Q28="Still Employed"),Q28,ISNUMBER(SEARCH(",",Q28)),DATEVALUE(Q28),AND(ISNUMBER(SEARCH("-",Q28)),ISNUMBER(VALUE(LEFT(Q28,4)))),DATE(LEFT(Q28,4),MID(Q28,6,2),RIGHT(Q28,2)),ISNUMBER(SEARCH("-",Q28)),DATE(RIGHT(Q28,4),MID(Q28,4,2),LEFT(Q28,2)),ISNUMBER(SEARCH("/",Q28)),DATE(RIGHT(Q28,4),MID(Q28,4,2),LEFT(Q28,2)),TRUE,"Check Manually")} -> Missing | S28: =IF(OR(R28="Missing",R28="N/A",R28="Still Employed"),DATEDIF(O28,TODAY(),"y") &" Years, " &DATEDIF(O28,TODAY(),"ym") & " Months, "&DATEDIF(O28,TODAY(),"md") &" Days",DATEDIF(O28,R28,"y") &" Years, " &DATEDIF(O28,R28,"ym") & " Months, "&DATEDIF(O28,R28,"md") &" Days") -> 6 Years, 9 Months, 1 Days | T28: =VALUE(LEFT(S28,FIND(" Years",S28)-1))*365.25 + VALUE(MID(S28,FIND(", ",S28)+2,FIND(" Months",S28)-FIND(", ",S28)-2))*30.44 + VALUE(MID(S28,FIND("Months, ",S28)+8,FIND(" Days",S28)-FIND("Months, ",S28)-8)) -> 2466.46 | U28: {=_xlfn.IFS(OR(R28="Missing",R28="N/A",R28="Still Employed"),"Unknown",ISNUMBER(R28),"Exited",TRUE,"Unknown")} -> Unknown | V28: =IF(U28="Exited",YEAR(R28),"") | W28: =IF(OR(R28="Missing",R28="N/A",R28="Still Employed"),"Active","Exited") -> Active | X28: ₹118,429 | Y28: =TRIM(X28) -> ₹118,429 | Z28: {=_xlfn.IFS(Y28="","0",LEFT(Y28,5)="",Y28,LEFT(Y28,1)="₹",REPLACE(Y28,1,1,""),LEFT(Y28,4)="Rs. ",REPLACE(Y28,1,4,""),TRUE,Y28)} -> 118,429 | AA28: =SUBSTITUTE(Z28,",","") -> 118429 | AB28: Excellent | AC28: =IF(AB28="","Not Rated",AB28) -> Excellent | AD28: 0 | AE28: {=_xlfn.IFS(AD28="",0,AD28<0,"Negate Leave",AD28>=0,AD28)} -> 0
A29: 5313 | B29: Anjali Saxena | C29: =IF(ISNUMBER(SEARCH(",",B29)), TRIM(MID(B29,FIND(",",B29)+1,LEN(B29))&" "&LEFT(B29,FIND(",",B29)-1)), B29) -> Anjali Saxena | D29: =PROPER(TRIM(C29)) -> Anjali Saxena | E29: Male | F29: Sales | G29: D02 | H29: =_xlfn.XLOOKUP(G29,Lookup_Tables!$A$4:$A$9,Lookup_Tables!$C$4:$C$9,"Not Found",0) -> Rajiv Kapoor | I29: Kolkata | J29: anjali.saxena@company.com | K29: =IF(J29="","No Email ID",SUBSTITUTE(J29,"companycom","company.com")) -> anjali.saxena@company.com | M29: =SUBSTITUTE(L29," ","") | N29: {=_xlfn.IFS(M29="","Incomplete",LEN(M29)<10,"Invalid",AND(LEN(M29) =10,LEFT(M29,4) <>"+91-"),"+91-"&M29,TRUE,M29)} -> Incomplete | O29: 2018-11-07 | P29: Still Employed | Q29: =IF(P29="","Missing",P29) -> Still Employed | R29: {=_xlfn.IFS(OR(Q29="Missing",Q29="N/A",Q29="Still Employed"),Q29,ISNUMBER(SEARCH(",",Q29)),DATEVALUE(Q29),AND(ISNUMBER(SEARCH("-",Q29)),ISNUMBER(VALUE(LEFT(Q29,4)))),DATE(LEFT(Q29,4),MID(Q29,6,2),RIGHT(Q29,2)),ISNUMBER(SEARCH("-",Q29)),DATE(RIGHT(Q29,4),MID(Q29,4,2),LEFT(Q29,2)),ISNUMBER(SEARCH("/",Q29)),DATE(RIGHT(Q29,4),MID(Q29,4,2),LEFT(Q29,2)),TRUE,"Check Manually")} -> Still Employed | S29: =IF(OR(R29="Missing",R29="N/A",R29="Still Employed"),DATEDIF(O29,TODAY(),"y") &" Years, " &DATEDIF(O29,TODAY(),"ym") & " Months, "&DATEDIF(O29,TODAY(),"md") &" Days",DATEDIF(O29,R29,"y") &" Years, " &DATEDIF(O29,R29,"ym") & " Months, "&DATEDIF(O29,R29,"md") &" Days") -> 7 Years, 8 Months, 14 Days | T29: =VALUE(LEFT(S29,FIND(" Years",S29)-1))*365.25 + VALUE(MID(S29,FIND(", ",S29)+2,FIND(" Months",S29)-FIND(", ",S29)-2))*30.44 + VALUE(MID(S29,FIND("Months, ",S29)+8,FIND(" Days",S29)-FIND("Months, ",S29)-8)) -> 2814.27 | U29: {=_xlfn.IFS(OR(R29="Missing",R29="N/A",R29="Still Employed"),"Unknown",ISNUMBER(R29),"Exited",TRUE,"Unknown")} -> Unknown | V29: =IF(U29="Exited",YEAR(R29),"") | W29: =IF(OR(R29="Missing",R29="N/A",R29="Still Employed"),"Active","Exited") -> Active | X29: 166172 | Y29: =TRIM(X29) -> 166172 | Z29: {=_xlfn.IFS(Y29="","0",LEFT(Y29,5)="",Y29,LEFT(Y29,1)="₹",REPLACE(Y29,1,1,""),LEFT(Y29,4)="Rs. ",REPLACE(Y29,1,4,""),TRUE,Y29)} -> 166172 | AA29: =SUBSTITUTE(Z29,",","") -> 166172 | AB29: Average | AC29: =IF(AB29="","Not Rated",AB29) -> Average | AD29: 14 | AE29: {=_xlfn.IFS(AD29="",0,AD29<0,"Negate Leave",AD29>=0,AD29)} -> 14
A30: 5120 | B30: Shah, Rahul | C30: =IF(ISNUMBER(SEARCH(",",B30)), TRIM(MID(B30,FIND(",",B30)+1,LEN(B30))&" "&LEFT(B30,FIND(",",B30)-1)), B30) -> Rahul Shah | D30: =PROPER(TRIM(C30)) -> Rahul Shah | E30: Male | F30: Finance | G30: D05 | H30: =_xlfn.XLOOKUP(G30,Lookup_Tables!$A$4:$A$9,Lookup_Tables!$C$4:$C$9,"Not Found",0) -> Leela Iyer | I30: Hyderabad | J30: rahul.shah@company.com | K30: =IF(J30="","No Email ID",SUBSTITUTE(J30,"companycom","company.com")) -> rahul.shah@company.com | L30: 66266 62039 | M30: =SUBSTITUTE(L30," ","") -> 6626662039 | N30: {=_xlfn.IFS(M30="","Incomplete",LEN(M30)<10,"Invalid",AND(LEN(M30) =10,LEFT(M30,4) <>"+91-"),"+91-"&M30,TRUE,M30)} -> +91-6626662039 | O30: 2024-02-07 | Q30: =IF(P30="","Missing",P30) -> Missing | R30: {=_xlfn.IFS(OR(Q30="Missing",Q30="N/A",Q30="Still Employed"),Q30,ISNUMBER(SEARCH(",",Q30)),DATEVALUE(Q30),AND(ISNUMBER(SEARCH("-",Q30)),ISNUMBER(VALUE(LEFT(Q30,4)))),DATE(LEFT(Q30,4),MID(Q30,6,2),RIGHT(Q30,2)),ISNUMBER(SEARCH("-",Q30)),DATE(RIGHT(Q30,4),MID(Q30,4,2),LEFT(Q30,2)),ISNUMBER(SEARCH("/",Q30)),DATE(RIGHT(Q30,4),MID(Q30,4,2),LEFT(Q30,2)),TRUE,"Check Manually")} -> Missing | S30: =IF(OR(R30="Missing",R30="N/A",R30="Still Employed"),DATEDIF(O30,TODAY(),"y") &" Years, " &DATEDIF(O30,TODAY(),"ym") & " Months, "&DATEDIF(O30,TODAY(),"md") &" Days",DATEDIF(O30,R30,"y") &" Years, " &DATEDIF(O30,R30,"ym") & " Months, "&DATEDIF(O30,R30,"md") &" Days") -> 2 Years, 5 Months, 14 Days | T30: =VALUE(LEFT(S30,FIND(" Years",S30)-1))*365.25 + VALUE(MID(S30,FIND(", ",S30)+2,FIND(" Months",S30)-FIND(", ",S30)-2))*30.44 + VALUE(MID(S30,FIND("Months, ",S30)+8,FIND(" Days",S30)-FIND("Months, ",S30)-8)) -> 896.7 | U30: {=_xlfn.IFS(OR(R30="Missing",R30="N/A",R30="Still Employed"),"Unknown",ISNUMBER(R30),"Exited",TRUE,"Unknown")} -> Unknown | V30: =IF(U30="Exited",YEAR(R30),"") | W30: =IF(OR(R30="Missing",R30="N/A",R30="Still Employed"),"Active","Exited") -> Active | X30: 142,576 | Y30: =TRIM(X30) -> 142,576 | Z30: {=_xlfn.IFS(Y30="","0",LEFT(Y30,5)="",Y30,LEFT(Y30,1)="₹",REPLACE(Y30,1,1,""),LEFT(Y30,4)="Rs. ",REPLACE(Y30,1,4,""),TRUE,Y30)} -> 142,576 | AA30: =SUBSTITUTE(Z30,",","") -> 142576 | AB30: Excellent | AC30: =IF(AB30="","Not Rated",AB30) -> Excellent | AD30: 4 | AE30: {=_xlfn.IFS(AD30="",0,AD30<0,"Negate Leave",AD30>=0,AD30)} -> 4
A31: 5080 | B31: Deepak Desai | C31: =IF(ISNUMBER(SEARCH(",",B31)), TRIM(MID(B31,FIND(",",B31)+1,LEN(B31))&" "&LEFT(B31,FIND(",",B31)-1)), B31) -> Deepak Desai | D31: =PROPER(TRIM(C31)) -> Deepak Desai | E31: Female | F31: Marketing | G31: D04 | H31: =_xlfn.XLOOKUP(G31,Lookup_Tables!$A$4:$A$9,Lookup_Tables!$C$4:$C$9,"Not Found",0) -> Vivek Malhotra | I31: Pune | J31: deepak.desai@company.com | K31: =IF(J31="","No Email ID",SUBSTITUTE(J31,"companycom","company.com")) -> deepak.desai@company.com | L31: 0518215638 | M31: =SUBSTITUTE(L31," ","") -> 0518215638 | N31: {=_xlfn.IFS(M31="","Incomplete",LEN(M31)<10,"Invalid",AND(LEN(M31) =10,LEFT(M31,4) <>"+91-"),"+91-"&M31,TRUE,M31)} -> +91-0518215638 | O31: 2024-04-17 | P31: Still Employed | Q31: =IF(P31="","Missing",P31) -> Still Employed | R31: {=_xlfn.IFS(OR(Q31="Missing",Q31="N/A",Q31="Still Employed"),Q31,ISNUMBER(SEARCH(",",Q31)),DATEVALUE(Q31),AND(ISNUMBER(SEARCH("-",Q31)),ISNUMBER(VALUE(LEFT(Q31,4)))),DATE(LEFT(Q31,4),MID(Q31,6,2),RIGHT(Q31,2)),ISNUMBER(SEARCH("-",Q31)),DATE(RIGHT(Q31,4),MID(Q31,4,2),LEFT(Q31,2)),ISNUMBER(SEARCH("/",Q31)),DATE(RIGHT(Q31,4),MID(Q31,4,2),LEFT(Q31,2)),TRUE,"Check Manually")} -> Still Employed | S31: =IF(OR(R31="Missing",R31="N/A",R31="Still Employed"),DATEDIF(O31,TODAY(),"y") &" Years, " &DATEDIF(O31,TODAY(),"ym") & " Months, "&DATEDIF(O31,TODAY(),"md") &" Days",DATEDIF(O31,R31,"y") &" Years, " &DATEDIF(O31,R31,"ym") & " Months, "&DATEDIF(O31,R31,"md") &" Days") -> 2 Years, 3 Months, 4 Days | T31: =VALUE(LEFT(S31,FIND(" Years",S31)-1))*365.25 + VALUE(MID(S31,FIND(", ",S31)+2,FIND(" Months",S31)-FIND(", ",S31)-2))*30.44 + VALUE(MID(S31,FIND("Months, ",S31)+8,FIND(" Days",S31)-FIND("Months, ",S31)-8)) -> 825.82 | U31: {=_xlfn.IFS(OR(R31="Missing",R31="N/A",R31="Still Employed"),"Unknown",ISNUMBER(R31),"Exited",TRUE,"Unknown")} -> Unknown | V31: =IF(U31="Exited",YEAR(R31),"") | W31: =IF(OR(R31="Missing",R31="N/A",R31="Still Employed"),"Active","Exited") -> Active | X31: 127646 | Y31: =TRIM(X31) -> 127646 | Z31: {=_xlfn.IFS(Y31="","0",LEFT(Y31,5)="",Y31,LEFT(Y31,1)="₹",REPLACE(Y31,1,1,""),LEFT(Y31,4)="Rs. ",REPLACE(Y31,1,4,""),TRUE,Y31)} -> 127646 | AA31: =SUBSTITUTE(Z31,",","") -> 127646 | AB31: Below Average | AC31: =IF(AB31="","Not Rated",AB31) -> Below Average | AD31: 21 | AE31: {=_xlfn.IFS(AD31="",0,AD31<0,"Negate Leave",AD31>=0,AD31)} -> 21
A32: 5058 | B32: ANITA AGARWAL | C32: =IF(ISNUMBER(SEARCH(",",B32)), TRIM(MID(B32,FIND(",",B32)+1,LEN(B32))&" "&LEFT(B32,FIND(",",B32)-1)), B32) -> ANITA AGARWAL | D32: =PROPER(TRIM(C32)) -> Anita Agarwal | E32: Female | F32: Sales | G32: D02 | H32: =_xlfn.XLOOKUP(G32,Lookup_Tables!$A$4:$A$9,Lookup_Tables!$C$4:$C$9,"Not Found",0) -> Rajiv Kapoor | I32: Ahmedabad | J32: anita.agarwal@company.com | K32: =IF(J32="","No Email ID",SUBSTITUTE(J32,"companycom","company.com")) -> anita.agarwal@company.com | L32: 2704534577 | M32: =SUBSTITUTE(L32," ","") -> 2704534577 | N32: {=_xlfn.IFS(M32="","Incomplete",LEN(M32)<10,"Invalid",AND(LEN(M32) =10,LEFT(M32,4) <>"+91-"),"+91-"&M32,TRUE,M32)} -> +91-2704534577 | O32: 2023-04-07 | P32: N/A | Q32: =IF(P32="","Missing",P32) -> N/A | R32: {=_xlfn.IFS(OR(Q32="Missing",Q32="N/A",Q32="Still Employed"),Q32,ISNUMBER(SEARCH(",",Q32)),DATEVALUE(Q32),AND(ISNUMBER(SEARCH("-",Q32)),ISNUMBER(VALUE(LEFT(Q32,4)))),DATE(LEFT(Q32,4),MID(Q32,6,2),RIGHT(Q32,2)),ISNUMBER(SEARCH("-",Q32)),DATE(RIGHT(Q32,4),MID(Q32,4,2),LEFT(Q32,2)),ISNUMBER(SEARCH("/",Q32)),DATE(RIGHT(Q32,4),MID(Q32,4,2),LEFT(Q32,2)),TRUE,"Check Manually")} -> N/A | S32: =IF(OR(R32="Missing",R32="N/A",R32="Still Employed"),DATEDIF(O32,TODAY(),"y") &" Years, " &DATEDIF(O32,TODAY(),"ym") & " Months, "&DATEDIF(O32,TODAY(),"md") &" Days",DATEDIF(O32,R32,"y") &" Years, " &DATEDIF(O32,R32,"ym") & " Months, "&DATEDIF(O32,R32,"md") &" Days") -> 3 Years, 3 Months, 14 Days | T32: =VALUE(LEFT(S32,FIND(" Years",S32)-1))*365.25 + VALUE(MID(S32,FIND(", ",S32)+2,FIND(" Months",S32)-FIND(", ",S32)-2))*30.44 + VALUE(MID(S32,FIND("Months, ",S32)+8,FIND(" Days",S32)-FIND("Months, ",S32)-8)) -> 1201.07 | U32: {=_xlfn.IFS(OR(R32="Missing",R32="N/A",R32="Still Employed"),"Unknown",ISNUMBER(R32),"Exited",TRUE,"Unknown")} -> Unknown | V32: =IF(U32="Exited",YEAR(R32),"") | W32: =IF(OR(R32="Missing",R32="N/A",R32="Still Employed"),"Active","Exited") -> Active | X32: Rs. 105,103 | Y32: =TRIM(X32) -> Rs. 105,103 | Z32: {=_xlfn.IFS(Y32="","0",LEFT(Y32,5)="",Y32,LEFT(Y32,1)="₹",REPLACE(Y32,1,1,""),LEFT(Y32,4)="Rs. ",REPLACE(Y32,1,4,""),TRUE,Y32)} -> 105,103 | AA32: =SUBSTITUTE(Z32,",","") -> 105103 | AB32: Average | AC32: =IF(AB32="","Not Rated",AB32) -> Average | AD32: 6 | AE32: {=_xlfn.IFS(AD32="",0,AD32<0,"Negate Leave",AD32>=0,AD32)} -> 6
A33: 5146 | B33: Suresh Bose | C33: =IF(ISNUMBER(SEARCH(",",B33)), TRIM(MID(B33,FIND(",",B33)+1,LEN(B33))&" "&LEFT(B33,FIND(",",B33)-1)), B33) -> Suresh Bose | D33: =PROPER(TRIM(C33)) -> Suresh Bose | E33: Female | F33: Engineering | G33: D01 | H33: =_xlfn.XLOOKUP(G33,Lookup_Tables!$A$4:$A$9,Lookup_Tables!$C$4:$C$9,"Not Found",0) -> Ananya Sen | I33: Ahmedabad | J33: suresh.bose@company.com | K33: =IF(J33="","No Email ID",SUBSTITUTE(J33,"companycom","company.com")) -> suresh.bose@company.com | L33: 5667552288 | M33: =SUBSTITUTE(L33," ","") -> 5667552288 | N33: {=_xlfn.IFS(M33="","Incomplete",LEN(M33)<10,"Invalid",AND(LEN(M33) =10,LEFT(M33,4) <>"+91-"),"+91-"&M33,TRUE,M33)} -> +91-5667552288 | O33: 2021-06-11 | Q33: =IF(P33="","Missing",P33) -> Missing | R33: {=_xlfn.IFS(OR(Q33="Missing",Q33="N/A",Q33="Still Employed"),Q33,ISNUMBER(SEARCH(",",Q33)),DATEVALUE(Q33),AND(ISNUMBER(SEARCH("-",Q33)),ISNUMBER(VALUE(LEFT(Q33,4)))),DATE(LEFT(Q33,4),MID(Q33,6,2),RIGHT(Q33,2)),ISNUMBER(SEARCH("-",Q33)),DATE(RIGHT(Q33,4),MID(Q33,4,2),LEFT(Q33,2)),ISNUMBER(SEARCH("/",Q33)),DATE(RIGHT(Q33,4),MID(Q33,4,2),LEFT(Q33,2)),TRUE,"Check Manually")} -> Missing | S33: =IF(OR(R33="Missing",R33="N/A",R33="Still Employed"),DATEDIF(O33,TODAY(),"y") &" Years, " &DATEDIF(O33,TODAY(),"ym") & " Months, "&DATEDIF(O33,TODAY(),"md") &" Days",DATEDIF(O33,R33,"y") &" Years, " &DATEDIF(O33,R33,"ym") & " Months, "&DATEDIF(O33,R33,"md") &" Days") -> 5 Years, 1 Months, 10 Days | T33: =VALUE(LEFT(S33,FIND(" Years",S33)-1))*365.25 + VALUE(MID(S33,FIND(", ",S33)+2,FIND(" Months",S33)-FIND(", ",S33)-2))*30.44 + VALUE(MID(S33,FIND("Months, ",S33)+8,FIND(" Days",S33)-FIND("Months, ",S33)-8)) -> 1866.69 | U33: {=_xlfn.IFS(OR(R33="Missing",R33="N/A",R33="Still Employed"),"Unknown",ISNUMBER(R33),"Exited",TRUE,"Unknown")} -> Unknown | V33: =IF(U33="Exited",YEAR(R33),"") | W33: =IF(OR(R33="Missing",R33="N/A",R33="Still Employed"),"Active","Exited") -> Active | X33: Rs. 65,888 | Y33: =TRIM(X33) -> Rs. 65,888 | Z33: {=_xlfn.IFS(Y33="","0",LEFT(Y33,5)="",Y33,LEFT(Y33,1)="₹",REPLACE(Y33,1,1,""),LEFT(Y33,4)="Rs. ",REPLACE(Y33,1,4,""),TRUE,Y33)} -> 65,888 | AA33: =SUBSTITUTE(Z33,",","") -> 65888 | AB33: Average | AC33: =IF(AB33="","Not Rated",AB33) -> Average | AD33: 7 | AE33: {=_xlfn.IFS(AD33="",0,AD33<0,"Negate Leave",AD33>=0,AD33)} -> 7
A34: 5160 | B34: Sneha Bose | C34: =IF(ISNUMBER(SEARCH(",",B34)), TRIM(MID(B34,FIND(",",B34)+1,LEN(B34))&" "&LEFT(B34,FIND(",",B34)-1)), B34) -> Sneha Bose | D34: =PROPER(TRIM(C34)) -> Sneha Bose | E34: Male | F34: Customer Support | G34: D06 | H34: =_xlfn.XLOOKUP(G34,Lookup_Tables!$A$4:$A$9,Lookup_Tables!$C$4:$C$9,"Not Found",0) -> Faisal Ahmed | I34: Bengaluru | J34: sneha.bose@company.com | K34: =IF(J34="","No Email ID",SUBSTITUTE(J34,"companycom","company.com")) -> sneha.bose@company.com | L34: +91-4992191641 | M34: =SUBSTITUTE(L34," ","") -> +91-4992191641 | N34: {=_xlfn.IFS(M34="","Incomplete",LEN(M34)<10,"Invalid",AND(LEN(M34) =10,LEFT(M34,4) <>"+91-"),"+91-"&M34,TRUE,M34)} -> +91-4992191641 | O34: 2022-05-21 | Q34: =IF(P34="","Missing",P34) -> Missing | R34: {=_xlfn.IFS(OR(Q34="Missing",Q34="N/A",Q34="Still Employed"),Q34,ISNUMBER(SEARCH(",",Q34)),DATEVALUE(Q34),AND(ISNUMBER(SEARCH("-",Q34)),ISNUMBER(VALUE(LEFT(Q34,4)))),DATE(LEFT(Q34,4),MID(Q34,6,2),RIGHT(Q34,2)),ISNUMBER(SEARCH("-",Q34)),DATE(RIGHT(Q34,4),MID(Q34,4,2),LEFT(Q34,2)),ISNUMBER(SEARCH("/",Q34)),DATE(RIGHT(Q34,4),MID(Q34,4,2),LEFT(Q34,2)),TRUE,"Check Manually")} -> Missing | S34: =IF(OR(R34="Missing",R34="N/A",R34="Still Employed"),DATEDIF(O34,TODAY(),"y") &" Years, " &DATEDIF(O34,TODAY(),"ym") & " Months, "&DATEDIF(O34,TODAY(),"md") &" Days",DATEDIF(O34,R34,"y") &" Years, " &DATEDIF(O34,R34,"ym") & " Months, "&DATEDIF(O34,R34,"md") &" Days") -> 4 Years, 2 Months, 0 Days | T34: =VALUE(LEFT(S34,FIND(" Years",S34)-1))*365.25 + VALUE(MID(S34,FIND(", ",S34)+2,FIND(" Months",S34)-FIND(", ",S34)-2))*30.44 + VALUE(MID(S34,FIND("Months, ",S34)+8,FIND(" Days",S34)-FIND("Months, ",S34)-8)) -> 1521.88 | U34: {=_xlfn.IFS(OR(R34="Missing",R34="N/A",R34="Still Employed"),"Unknown",ISNUMBER(R34),"Exited",TRUE,"Unknown")} -> Unknown | V34: =IF(U34="Exited",YEAR(R34),"") | W34: =IF(OR(R34="Missing",R34="N/A",R34="Still Employed"),"Active","Exited") -> Active | Y34: =TRIM(X34) | Z34: {=_xlfn.IFS(Y34="","0",LEFT(Y34,5)="",Y34,LEFT(Y34,1)="₹",REPLACE(Y34,1,1,""),LEFT(Y34,4)="Rs. ",REPLACE(Y34,1,4,""),TRUE,Y34)} -> 0 | AA34: =SUBSTITUTE(Z34,",","") -> 0 | AB34: Excellent | AC34: =IF(AB34="","Not Rated",AB34) -> Excellent | AD34: -1 | AE34: {=_xlfn.IFS(AD34="",0,AD34<0,"Negate Leave",AD34>=0,AD34)} -> Negate Leave
A35: 5302 | B35: Rahul Bose | C35: =IF(ISNUMBER(SEARCH(",",B35)), TRIM(MID(B35,FIND(",",B35)+1,LEN(B35))&" "&LEFT(B35,FIND(",",B35)-1)), B35) -> Rahul Bose | D35: =PROPER(TRIM(C35)) -> Rahul Bose | E35: Male | F35: Engineering | G35: D01 | H35: =_xlfn.XLOOKUP(G35,Lookup_Tables!$A$4:$A$9,Lookup_Tables!$C$4:$C$9,"Not Found",0) -> Ananya Sen | I35: Pune | J35: rahul.bose@company.com | K35: =IF(J35="","No Email ID",SUBSTITUTE(J35,"companycom","company.com")) -> rahul.bose@company.com | L35: +91-3209290012 | M35: =SUBSTITUTE(L35," ","") -> +91-3209290012 | N35: {=_xlfn.IFS(M35="","Incomplete",LEN(M35)<10,"Invalid",AND(LEN(M35) =10,LEFT(M35,4) <>"+91-"),"+91-"&M35,TRUE,M35)} -> +91-3209290012 | O35: 2021-12-18 | P35: N/A | Q35: =IF(P35="","Missing",P35) -> N/A | R35: {=_xlfn.IFS(OR(Q35="Missing",Q35="N/A",Q35="Still Employed"),Q35,ISNUMBER(SEARCH(",",Q35)),DATEVALUE(Q35),AND(ISNUMBER(SEARCH("-",Q35)),ISNUMBER(VALUE(LEFT(Q35,4)))),DATE(LEFT(Q35,4),MID(Q35,6,2),RIGHT(Q35,2)),ISNUMBER(SEARCH("-",Q35)),DATE(RIGHT(Q35,4),MID(Q35,4,2),LEFT(Q35,2)),ISNUMBER(SEARCH("/",Q35)),DATE(RIGHT(Q35,4),MID(Q35,4,2),LEFT(Q35,2)),TRUE,"Check Manually")} -> N/A | S35: =IF(OR(R35="Missing",R35="N/A",R35="Still Employed"),DATEDIF(O35,TODAY(),"y") &" Years, " &DATEDIF(O35,TODAY(),"ym") & " Months, "&DATEDIF(O35,TODAY(),"md") &" Days",DATEDIF(O35,R35,"y") &" Years, " &DATEDIF(O35,R35,"ym") & " Months, "&DATEDIF(O35,R35,"md") &" Days") -> 4 Years, 7 Months, 3 Days | T35: =VALUE(LEFT(S35,FIND(" Years",S35)-1))*365.25 + VALUE(MID(S35,FIND(", ",S35)+2,FIND(" Months",S35)-FIND(", ",S35)-2))*30.44 + VALUE(MID(S35,FIND("Months, ",S35)+8,FIND(" Days",S35)-FIND("Months, ",S35)-8)) -> 1677.08 | U35: {=_xlfn.IFS(OR(R35="Missing",R35="N/A",R35="Still Employed"),"Unknown",ISNUMBER(R35),"Exited",TRUE,"Unknown")} -> Unknown | V35: =IF(U35="Exited",YEAR(R35),"") | W35: =IF(OR(R35="Missing",R35="N/A",R35="Still Employed"),"Active","Exited") -> Active | X35: ₹158,915 | Y35: =TRIM(X35) -> ₹158,915 | Z35: {=_xlfn.IFS(Y35="","0",LEFT(Y35,5)="",Y35,LEFT(Y35,1)="₹",REPLACE(Y35,1,1,""),LEFT(Y35,4)="Rs. ",REPLACE(Y35,1,4,""),TRUE,Y35)} -> 158,915 | AA35: =SUBSTITUTE(Z35,",","") -> 158915 | AB35: Excellent | AC35: =IF(AB35="","Not Rated",AB35) -> Excellent | AD35: 7 | AE35: {=_xlfn.IFS(AD35="",0,AD35<0,"Negate Leave",AD35>=0,AD35)} -> 7
A36: 5278 | B36: Kirti Naidu | C36: =IF(ISNUMBER(SEARCH(",",B36)), TRIM(MID(B36,FIND(",",B36)+1,LEN(B36))&" "&LEFT(B36,FIND(",",B36)-1)), B36) -> Kirti Naidu | D36: =PROPER(TRIM(C36)) -> Kirti Naidu | E36: Male | F36: Finance | G36: D05 | H36: =_xlfn.XLOOKUP(G36,Lookup_Tables!$A$4:$A$9,Lookup_Tables!$C$4:$C$9,"Not Found",0) -> Leela Iyer | I36: Chennai | K36: =IF(J36="","No Email ID",SUBSTITUTE(J36,"companycom","company.com")) -> No Email ID | L36: 56915 55422 | M36: =SUBSTITUTE(L36," ","") -> 5691555422 | N36: {=_xlfn.IFS(M36="","Incomplete",LEN(M36)<10,"Invalid",AND(LEN(M36) =10,LEFT(M36,4) <>"+91-"),"+91-"&M36,TRUE,M36)} -> +91-5691555422 | O36: 2022-02-21 | P36: N/A | Q36: =IF(P36="","Missing",P36) -> N/A | R36: {=_xlfn.IFS(OR(Q36="Missing",Q36="N/A",Q36="Still Employed"),Q36,ISNUMBER(SEARCH(",",Q36)),DATEVALUE(Q36),AND(ISNUMBER(SEARCH("-",Q36)),ISNUMBER(VALUE(LEFT(Q36,4)))),DATE(LEFT(Q36,4),MID(Q36,6,2),RIGHT(Q36,2)),ISNUMBER(SEARCH("-",Q36)),DATE(RIGHT(Q36,4),MID(Q36,4,2),LEFT(Q36,2)),ISNUMBER(SEARCH("/",Q36)),DATE(RIGHT(Q36,4),MID(Q36,4,2),LEFT(Q36,2)),TRUE,"Check Manually")} -> N/A | S36: =IF(OR(R36="Missing",R36="N/A",R36="Still Employed"),DATEDIF(O36,TODAY(),"y") &" Years, " &DATEDIF(O36,TODAY(),"ym") & " Months, "&DATEDIF(O36,TODAY(),"md") &" Days",DATEDIF(O36,R36,"y") &" Years, " &DATEDIF(O36,R36,"ym") & " Months, "&DATEDIF(O36,R36,"md") &" Days") -> 4 Years, 5 Months, 0 Days | T36: =VALUE(LEFT(S36,FIND(" Years",S36)-1))*365.25 + VALUE(MID(S36,FIND(", ",S36)+2,FIND(" Months",S36)-FIND(", ",S36)-2))*30.44 + VALUE(MID(S36,FIND("Months, ",S36)+8,FIND(" Days",S36)-FIND("Months, ",S36)-8)) -> 1613.2 | U36: {=_xlfn.IFS(OR(R36="Missing",R36="N/A",R36="Still Employed"),"Unknown",ISNUMBER(R36),"Exited",TRUE,"Unknown")} -> Unknown | V36: =IF(U36="Exited",YEAR(R36),"") | W36: =IF(OR(R36="Missing",R36="N/A",R36="Still Employed"),"Active","Exited") -> Active | X36: 64163 | Y36: =TRIM(X36) -> 64163 | Z36: {=_xlfn.IFS(Y36="","0",LEFT(Y36,5)="",Y36,LEFT(Y36,1)="₹",REPLACE(Y36,1,1,""),LEFT(Y36,4)="Rs. ",REPLACE(Y36,1,4,""),TRUE,Y36)} -> 64163 | AA36: =SUBSTITUTE(Z36,",","") -> 64163 | AC36: =IF(AB36="","Not Rated",AB36) -> Not Rated | AD36: 24 | AE36: {=_xlfn.IFS(AD36="",0,AD36<0,"Negate Leave",AD36>=0,AD36)} -> 24
A37: 5152 | B37: Varun Verma | C37: =IF(ISNUMBER(SEARCH(",",B37)), TRIM(MID(B37,FIND(",",B37)+1,LEN(B37))&" "&LEFT(B37,FIND(",",B37)-1)), B37) -> Varun Verma | D37: =PROPER(TRIM(C37)) -> Varun Verma | E37: Female | F37: HR | G37: D03 | H37: =_xlfn.XLOOKUP(G37,Lookup_Tables!$A$4:$A$9,Lookup_Tables!$C$4:$C$9,"Not Found",0) -> Sunita Rao | I37: Hyderabad | J37: varun.verma@company.com | K37: =IF(J37="","No Email ID",SUBSTITUTE(J37,"companycom","company.com")) -> varun.verma@company.com | L37: 6626220139 | M37: =SUBSTITUTE(L37," ","") -> 6626220139 | N37: {=_xlfn.IFS(M37="","Incomplete",LEN(M37)<10,"Invalid",AND(LEN(M37) =10,LEFT(M37,4) <>"+91-"),"+91-"&M37,TRUE,M37)} -> +91-6626220139 | O37: 2020-05-07 | P37: Still Employed | Q37: =IF(P37="","Missing",P37) -> Still Employed | R37: {=_xlfn.IFS(OR(Q37="Missing",Q37="N/A",Q37="Still Employed"),Q37,ISNUMBER(SEARCH(",",Q37)),DATEVALUE(Q37),AND(ISNUMBER(SEARCH("-",Q37)),ISNUMBER(VALUE(LEFT(Q37,4)))),DATE(LEFT(Q37,4),MID(Q37,6,2),RIGHT(Q37,2)),ISNUMBER(SEARCH("-",Q37)),DATE(RIGHT(Q37,4),MID(Q37,4,2),LEFT(Q37,2)),ISNUMBER(SEARCH("/",Q37)),DATE(RIGHT(Q37,4),MID(Q37,4,2),LEFT(Q37,2)),TRUE,"Check Manually")} -> Still Employed | S37: =IF(OR(R37="Missing",R37="N/A",R37="Still Employed"),DATEDIF(O37,TODAY(),"y") &" Years, " &DATEDIF(O37,TODAY(),"ym") & " Months, "&DATEDIF(O37,TODAY(),"md") &" Days",DATEDIF(O37,R37,"y") &" Years, " &DATEDIF(O37,R37,"ym") & " Months, "&DATEDIF(O37,R37,"md") &" Days") -> 6 Years, 2 Months, 14 Days | T37: =VALUE(LEFT(S37,FIND(" Years",S37)-1))*365.25 + VALUE(MID(S37,FIND(", ",S37)+2,FIND(" Months",S37)-FIND(", ",S37)-2))*30.44 + VALUE(MID(S37,FIND("Months, ",S37)+8,FIND(" Days",S37)-FIND("Months, ",S37)-8)) -> 2266.38 | U37: {=_xlfn.IFS(OR(R37="Missing",R37="N/A",R37="Still Employed"),"Unknown",ISNUMBER(R37),"Exited",TRUE,"Unknown")} -> Unknown | V37: =IF(U37="Exited",YEAR(R37),"") | W37: =IF(OR(R37="Missing",R37="N/A",R37="Still Employed"),"Active","Exited") -> Active | X37: 85,616 | Y37: =TRIM(X37) -> 85,616 | Z37: {=_xlfn.IFS(Y37="","0",LEFT(Y37,5)="",Y37,LEFT(Y37,1)="₹",REPLACE(Y37,1,1,""),LEFT(Y37,4)="Rs. ",REPLACE(Y37,1,4,""),TRUE,Y37)} -> 85,616 | AA37: =SUBSTITUTE(Z37,",","") -> 85616 | AC37: =IF(AB37="","Not Rated",AB37) -> Not Rated | AD37: 22 | AE37: {=_xlfn.IFS(AD37="",0,AD37<0,"Negate Leave",AD37>=0,AD37)} -> 22
A38: 5011 | B38: Simran Pillai | C38: =IF(ISNUMBER(SEARCH(",",B38)), TRIM(MID(B38,FIND(",",B38)+1,LEN(B38))&" "&LEFT(B38,FIND(",",B38)-1)), B38) -> Simran Pillai | D38: =PROPER(TRIM(C38)) -> Simran Pillai | E38: Female | F38: Sales | G38: D02 | H38: =_xlfn.XLOOKUP(G38,Lookup_Tables!$A$4:$A$9,Lookup_Tables!$C$4:$C$9,"Not Found",0) -> Rajiv Kapoor | I38: Delhi | J38: simran.pillai@company.com | K38: =IF(J38="","No Email ID",SUBSTITUTE(J38,"companycom","company.com")) -> simran.pillai@company.com | L38: 2227918058 | M38: =SUBSTITUTE(L38," ","") -> 2227918058 | N38: {=_xlfn.IFS(M38="","Incomplete",LEN(M38)<10,"Invalid",AND(LEN(M38) =10,LEFT(M38,4) <>"+91-"),"+91-"&M38,TRUE,M38)} -> +91-2227918058 | O38: 2023-12-19 | P38: Still Employed | Q38: =IF(P38="","Missing",P38) -> Still Employed | R38: {=_xlfn.IFS(OR(Q38="Missing",Q38="N/A",Q38="Still Employed"),Q38,ISNUMBER(SEARCH(",",Q38)),DATEVALUE(Q38),AND(ISNUMBER(SEARCH("-",Q38)),ISNUMBER(VALUE(LEFT(Q38,4)))),DATE(LEFT(Q38,4),MID(Q38,6,2),RIGHT(Q38,2)),ISNUMBER(SEARCH("-",Q38)),DATE(RIGHT(Q38,4),MID(Q38,4,2),LEFT(Q38,2)),ISNUMBER(SEARCH("/",Q38)),DATE(RIGHT(Q38,4),MID(Q38,4,2),LEFT(Q38,2)),TRUE,"Check Manually")} -> Still Employed | S38: =IF(OR(R38="Missing",R38="N/A",R38="Still Employed"),DATEDIF(O38,TODAY(),"y") &" Years, " &DATEDIF(O38,TODAY(),"ym") & " Months, "&DATEDIF(O38,TODAY(),"md") &" Days",DATEDIF(O38,R38,"y") &" Years, " &DATEDIF(O38,R38,"ym") & " Months, "&DATEDIF(O38,R38,"md") &" Days") -> 2 Years, 7 Months, 2 Days | T38: =VALUE(LEFT(S38,FIND(" Years",S38)-1))*365.25 + VALUE(MID(S38,FIND(", ",S38)+2,FIND(" Months",S38)-FIND(", ",S38)-2))*30.44 + VALUE(MID(S38,FIND("Months, ",S38)+8,FIND(" Days",S38)-FIND("Months, ",S38)-8)) -> 945.58 | U38: {=_xlfn.IFS(OR(R38="Missing",R38="N/A",R38="Still Employed"),"Unknown",ISNUMBER(R38),"Exited",TRUE,"Unknown")} -> Unknown | V38: =IF(U38="Exited",YEAR(R38),"") | W38: =IF(OR(R38="Missing",R38="N/A",R38="Still Employed"),"Active","Exited") -> Active | X38: 150,376 | Y38: =TRIM(X38) -> 150,376 | Z38: {=_xlfn.IFS(Y38="","0",LEFT(Y38,5)="",Y38,LEFT(Y38,1)="₹",REPLACE(Y38,1,1,""),LEFT(Y38,4)="Rs. ",REPLACE(Y38,1,4,""),TRUE,Y38)} -> 150,376 | AA38: =SUBSTITUTE(Z38,",","") -> 150376 | AB38: Excellent | AC38: =IF(AB38="","Not Rated",AB38) -> Excellent | AD38: -2 | AE38: {=_xlfn.IFS(AD38="",0,AD38<0,"Negate Leave",AD38>=0,AD38)} -> Negate Leave
A39: 5047 | B39: Rohan Kapoor | C39: =IF(ISNUMBER(SEARCH(",",B39)), TRIM(MID(B39,FIND(",",B39)+1,LEN(B39))&" "&LEFT(B39,FIND(",",B39)-1)), B39) -> Rohan Kapoor | D39: =PROPER(TRIM(C39)) -> Rohan Kapoor | E39: Male | F39: Customer Support | G39: D06 | H39: =_xlfn.XLOOKUP(G39,Lookup_Tables!$A$4:$A$9,Lookup_Tables!$C$4:$C$9,"Not Found",0) -> Faisal Ahmed | I39: Pune | J39: rahul.iyer@company.com | K39: =IF(J39="","No Email ID",SUBSTITUTE(J39,"companycom","company.com")) -> rahul.iyer@company.com | L39: +91-5902551109 | M39: =SUBSTITUTE(L39," ","") -> +91-5902551109 | N39: {=_xlfn.IFS(M39="","Incomplete",LEN(M39)<10,"Invalid",AND(LEN(M39) =10,LEFT(M39,4) <>"+91-"),"+91-"&M39,TRUE,M39)} -> +91-5902551109 | O39: 2020-07-30 | P39: N/A | Q39: =IF(P39="","Missing",P39) -> N/A | R39: {=_xlfn.IFS(OR(Q39="Missing",Q39="N/A",Q39="Still Employed"),Q39,ISNUMBER(SEARCH(",",Q39)),DATEVALUE(Q39),AND(ISNUMBER(SEARCH("-",Q39)),ISNUMBER(VALUE(LEFT(Q39,4)))),DATE(LEFT(Q39,4),MID(Q39,6,2),RIGHT(Q39,2)),ISNUMBER(SEARCH("-",Q39)),DATE(RIGHT(Q39,4),MID(Q39,4,2),LEFT(Q39,2)),ISNUMBER(SEARCH("/",Q39)),DATE(RIGHT(Q39,4),MID(Q39,4,2),LEFT(Q39,2)),TRUE,"Check Manually")} -> N/A | S39: =IF(OR(R39="Missing",R39="N/A",R39="Still Employed"),DATEDIF(O39,TODAY(),"y") &" Years, " &DATEDIF(O39,TODAY(),"ym") & " Months, "&DATEDIF(O39,TODAY(),"md") &" Days",DATEDIF(O39,R39,"y") &" Years, " &DATEDIF(O39,R39,"ym") & " Months, "&DATEDIF(O39,R39,"md") &" Days") -> 5 Years, 11 Months, 21 Days | T39: =VALUE(LEFT(S39,FIND(" Years",S39)-1))*365.25 + VALUE(MID(S39,FIND(", ",S39)+2,FIND(" Months",S39)-FIND(", ",S39)-2))*30.44 + VALUE(MID(S39,FIND("Months, ",S39)+8,FIND(" Days",S39)-FIND("Months, ",S39)-8)) -> 2182.09 | U39: {=_xlfn.IFS(OR(R39="Missing",R39="N/A",R39="Still Employed"),"Unknown",ISNUMBER(R39),"Exited",TRUE,"Unknown")} -> Unknown | V39: =IF(U39="Exited",YEAR(R39),"") | W39: =IF(OR(R39="Missing",R39="N/A",R39="Still Employed"),"Active","Exited") -> Active | X39: 153992 | Y39: =TRIM(X39) -> 153992 | Z39: {=_xlfn.IFS(Y39="","0",LEFT(Y39,5)="",Y39,LEFT(Y39,1)="₹",REPLACE(Y39,1,1,""),LEFT(Y39,4)="Rs. ",REPLACE(Y39,1,4,""),TRUE,Y39)} -> 153992 | AA39: =SUBSTITUTE(Z39,",","") -> 153992 | AC39: =IF(AB39="","Not Rated",AB39) -> Not Rated | AD39: 18 | AE39: {=_xlfn.IFS(AD39="",0,AD39<0,"Negate Leave",AD39>=0,AD39)} -> 18
A40: 5219 | B40: Iyer, Rahul | C40: =IF(ISNUMBER(SEARCH(",",B40)), TRIM(MID(B40,FIND(",",B40)+1,LEN(B40))&" "&LEFT(B40,FIND(",",B40)-1)), B40) -> Rahul Iyer | D40: =PROPER(TRIM(C40)) -> Rahul Iyer | E40: Male | F40: Sales | G40: D02 | H40: =_xlfn.XLOOKUP(G40,Lookup_Tables!$A$4:$A$9,Lookup_Tables!$C$4:$C$9,"Not Found",0) -> Rajiv Kapoor | I40: Kolkata | J40: aarav.menon@company.com | K40: =IF(J40="","No Email ID",SUBSTITUTE(J40,"companycom","company.com")) -> aarav.menon@company.com | L40: 7080061465 | M40: =SUBSTITUTE(L40," ","") -> 7080061465 | N40: {=_xlfn.IFS(M40="","Incomplete",LEN(M40)<10,"Invalid",AND(LEN(M40) =10,LEFT(M40,4) <>"+91-"),"+91-"&M40,TRUE,M40)} -> +91-7080061465 | O40: 2023-12-05 | P40: Still Employed | Q40: =IF(P40="","Missing",P40) -> Still Employed | R40: {=_xlfn.IFS(OR(Q40="Missing",Q40="N/A",Q40="Still Employed"),Q40,ISNUMBER(SEARCH(",",Q40)),DATEVALUE(Q40),AND(ISNUMBER(SEARCH("-",Q40)),ISNUMBER(VALUE(LEFT(Q40,4)))),DATE(LEFT(Q40,4),MID(Q40,6,2),RIGHT(Q40,2)),ISNUMBER(SEARCH("-",Q40)),DATE(RIGHT(Q40,4),MID(Q40,4,2),LEFT(Q40,2)),ISNUMBER(SEARCH("/",Q40)),DATE(RIGHT(Q40,4),MID(Q40,4,2),LEFT(Q40,2)),TRUE,"Check Manually")} -> Still Employed | S40: =IF(OR(R40="Missing",R40="N/A",R40="Still Employed"),DATEDIF(O40,TODAY(),"y") &" Years, " &DATEDIF(O40,TODAY(),"ym") & " Months, "&DATEDIF(O40,TODAY(),"md") &" Days",DATEDIF(O40,R40,"y") &" Years, " &DATEDIF(O40,R40,"ym") & " Months, "&DATEDIF(O40,R40,"md") &" Days") -> 2 Years, 7 Months, 16 Days | T40: =VALUE(LEFT(S40,FIND(" Years",S40)-1))*365.25 + VALUE(MID(S40,FIND(", ",S40)+2,FIND(" Months",S40)-FIND(", ",S40)-2))*30.44 + VALUE(MID(S40,FIND("Months, ",S40)+8,FIND(" Days",S40)-FIND("Months, ",S40)-8)) -> 959.58 | U40: {=_xlfn.IFS(OR(R40="Missing",R40="N/A",R40="Still Employed"),"Unknown",ISNUMBER(R40),"Exited",TRUE,"Unknown")} -> Unknown | V40: =IF(U40="Exited",YEAR(R40),"") | W40: =IF(OR(R40="Missing",R40="N/A",R40="Still Employed"),"Active","Exited") -> Active | X40: ₹51,124 | Y40: =TRIM(X40) -> ₹51,124 | Z40: {=_xlfn.IFS(Y40="","0",LEFT(Y40,5)="",Y40,LEFT(Y40,1)="₹",REPLACE(Y40,1,1,""),LEFT(Y40,4)="Rs. ",REPLACE(Y40,1,4,""),TRUE,Y40)} -> 51,124 | AA40: =SUBSTITUTE(Z40,",","") -> 51124 | AB40: Average | AC40: =IF(AB40="","Not Rated",AB40) -> Average | AD40: 4 | AE40: {=_xlfn.IFS(AD40="",0,AD40<0,"Negate Leave",AD40>=0,AD40)} -> 4
A41: 5338 | B41: AARAV MENON | C41: =IF(ISNUMBER(SEARCH(",",B41)), TRIM(MID(B41,FIND(",",B41)+1,LEN(B41))&" "&LEFT(B41,FIND(",",B41)-1)), B41) -> AARAV MENON | D41: =PROPER(TRIM(C41)) -> Aarav Menon | E41: Male | F41: Sales | G41: D02 | H41: =_xlfn.XLOOKUP(G41,Lookup_Tables!$A$4:$A$9,Lookup_Tables!$C$4:$C$9,"Not Found",0) -> Rajiv Kapoor | I41: Hyderabad | J41: varun.iyer@company.com | K41: =IF(J41="","No Email ID",SUBSTITUTE(J41,"companycom","company.com")) -> varun.iyer@company.com | L41: 58649208 | M41: =SUBSTITUTE(L41," ","") -> 58649208 | N41: {=_xlfn.IFS(M41="","Incomplete",LEN(M41)<10,"Invalid",AND(LEN(M41) =10,LEFT(M41,4) <>"+91-"),"+91-"&M41,TRUE,M41)} -> Invalid | O41: 2020-12-03 | P41: N/A | Q41: =IF(P41="","Missing",P41) -> N/A | R41: {=_xlfn.IFS(OR(Q41="Missing",Q41="N/A",Q41="Still Employed"),Q41,ISNUMBER(SEARCH(",",Q41)),DATEVALUE(Q41),AND(ISNUMBER(SEARCH("-",Q41)),ISNUMBER(VALUE(LEFT(Q41,4)))),DATE(LEFT(Q41,4),MID(Q41,6,2),RIGHT(Q41,2)),ISNUMBER(SEARCH("-",Q41)),DATE(RIGHT(Q41,4),MID(Q41,4,2),LEFT(Q41,2)),ISNUMBER(SEARCH("/",Q41)),DATE(RIGHT(Q41,4),MID(Q41,4,2),LEFT(Q41,2)),TRUE,"Check Manually")} -> N/A | S41: =IF(OR(R41="Missing",R41="N/A",R41="Still Employed"),DATEDIF(O41,TODAY(),"y") &" Years, " &DATEDIF(O41,TODAY(),"ym") & " Months, "&DATEDIF(O41,TODAY(),"md") &" Days",DATEDIF(O41,R41,"y") &" Years, " &DATEDIF(O41,R41,"ym") & " Months, "&DATEDIF(O41,R41,"md") &" Days") -> 5 Years, 7 Months, 18 Days | T41: =VALUE(LEFT(S41,FIND(" Years",S41)-1))*365.25 + VALUE(MID(S41,FIND(", ",S41)+2,FIND(" Months",S41)-FIND(", ",S41)-2))*30.44 + VALUE(MID(S41,FIND("Months, ",S41)+8,FIND(" Days",S41)-FIND("Months, ",S41)-8)) -> 2057.33 | U41: {=_xlfn.IFS(OR(R41="Missing",R41="N/A",R41="Still Employed"),"Unknown",ISNUMBER(R41),"Exited",TRUE,"Unknown")} -> Unknown | V41: =IF(U41="Exited",YEAR(R41),"") | W41: =IF(OR(R41="Missing",R41="N/A",R41="Still Employed"),"Active","Exited") -> Active | X41: 52464 | Y41: =TRIM(X41) -> 52464 | Z41: {=_xlfn.IFS(Y41="","0",LEFT(Y41,5)="",Y41,LEFT(Y41,1)="₹",REPLACE(Y41,1,1,""),LEFT(Y41,4)="Rs. ",REPLACE(Y41,1,4,""),TRUE,Y41)} -> 52464 | AA41: =SUBSTITUTE(Z41,",","") -> 52464 | AB41: Good | AC41: =IF(AB41="","Not Rated",AB41) -> Good | AD41: 6 | AE41: {=_xlfn.IFS(AD41="",0,AD41<0,"Negate Leave",AD41>=0,AD41)} -> 6
A42: 5015 | B42: Iyer, Varun | C42: =IF(ISNUMBER(SEARCH(",",B42)), TRIM(MID(B42,FIND(",",B42)+1,LEN(B42))&" "&LEFT(B42,FIND(",",B42)-1)), B42) -> Varun Iyer | D42: =PROPER(TRIM(C42)) -> Varun Iyer | E42: Male | F42: HR | G42: D03 | H42: =_xlfn.XLOOKUP(G42,Lookup_Tables!$A$4:$A$9,Lookup_Tables!$C$4:$C$9,"Not Found",0) -> Sunita Rao | I42: Pune | J42: priya.gupta@company.com | K42: =IF(J42="","No Email ID",SUBSTITUTE(J42,"companycom","company.com")) -> priya.gupta@company.com | L42: +91-7387389189 | M42: =SUBSTITUTE(L42," ","") -> +91-7387389189 | N42: {=_xlfn.IFS(M42="","Incomplete",LEN(M42)<10,"Invalid",AND(LEN(M42) =10,LEFT(M42,4) <>"+91-"),"+91-"&M42,TRUE,M42)} -> +91-7387389189 | O42: 2020-06-25 | P42: May 25, 2022 | Q42: =IF(P42="","Missing",P42) -> May 25, 2022 | R42: {=_xlfn.IFS(OR(Q42="Missing",Q42="N/A",Q42="Still Employed"),Q42,ISNUMBER(SEARCH(",",Q42)),DATEVALUE(Q42),AND(ISNUMBER(SEARCH("-",Q42)),ISNUMBER(VALUE(LEFT(Q42,4)))),DATE(LEFT(Q42,4),MID(Q42,6,2),RIGHT(Q42,2)),ISNUMBER(SEARCH("-",Q42)),DATE(RIGHT(Q42,4),MID(Q42,4,2),LEFT(Q42,2)),ISNUMBER(SEARCH("/",Q42)),DATE(RIGHT(Q42,4),MID(Q42,4,2),LEFT(Q42,2)),TRUE,"Check Manually")} -> 44706 | S42: =IF(OR(R42="Missing",R42="N/A",R42="Still Employed"),DATEDIF(O42,TODAY(),"y") &" Years, " &DATEDIF(O42,TODAY(),"ym") & " Months, "&DATEDIF(O42,TODAY(),"md") &" Days",DATEDIF(O42,R42,"y") &" Years, " &DATEDIF(O42,R42,"ym") & " Months, "&DATEDIF(O42,R42,"md") &" Days") -> 1 Years, 11 Months, 0 Days | T42: =VALUE(LEFT(S42,FIND(" Years",S42)-1))*365.25 + VALUE(MID(S42,FIND(", ",S42)+2,FIND(" Months",S42)-FIND(", ",S42)-2))*30.44 + VALUE(MID(S42,FIND("Months, ",S42)+8,FIND(" Days",S42)-FIND("Months, ",S42)-8)) -> 700.09 | U42: {=_xlfn.IFS(OR(R42="Missing",R42="N/A",R42="Still Employed"),"Unknown",ISNUMBER(R42),"Exited",TRUE,"Unknown")} -> Exited | V42: =IF(U42="Exited",YEAR(R42),"") -> 2022 | W42: =IF(OR(R42="Missing",R42="N/A",R42="Still Employed"),"Active","Exited") -> Exited | X42: 59,894 | Y42: =TRIM(X42) -> 59,894 | Z42: {=_xlfn.IFS(Y42="","0",LEFT(Y42,5)="",Y42,LEFT(Y42,1)="₹",REPLACE(Y42,1,1,""),LEFT(Y42,4)="Rs. ",REPLACE(Y42,1,4,""),TRUE,Y42)} -> 59,894 | AA42: =SUBSTITUTE(Z42,",","") -> 59894 | AB42: Poor | AC42: =IF(AB42="","Not Rated",AB42) -> Poor | AD42: 1 | AE42: {=_xlfn.IFS(AD42="",0,AD42<0,"Negate Leave",AD42>=0,AD42)} -> 1
A43: 5104 | B43: Priya Gupta | C43: =IF(ISNUMBER(SEARCH(",",B43)), TRIM(MID(B43,FIND(",",B43)+1,LEN(B43))&" "&LEFT(B43,FIND(",",B43)-1)), B43) -> Priya Gupta | D43: =PROPER(TRIM(C43)) -> Priya Gupta | E43: Male | F43: Customer Support | G43: D06 | H43: =_xlfn.XLOOKUP(G43,Lookup_Tables!$A$4:$A$9,Lookup_Tables!$C$4:$C$9,"Not Found",0) -> Faisal Ahmed | I43: Delhi | J43: divya.mehta@company.com | K43: =IF(J43="","No Email ID",SUBSTITUTE(J43,"companycom","company.com")) -> divya.mehta@company.com | L43: 93487 92346 | M43: =SUBSTITUTE(L43," ","") -> 9348792346 | N43: {=_xlfn.IFS(M43="","Incomplete",LEN(M43)<10,"Invalid",AND(LEN(M43) =10,LEFT(M43,4) <>"+91-"),"+91-"&M43,TRUE,M43)} -> +91-9348792346 | O43: 2023-04-17 | P43: Still Employed | Q43: =IF(P43="","Missing",P43) -> Still Employed | R43: {=_xlfn.IFS(OR(Q43="Missing",Q43="N/A",Q43="Still Employed"),Q43,ISNUMBER(SEARCH(",",Q43)),DATEVALUE(Q43),AND(ISNUMBER(SEARCH("-",Q43)),ISNUMBER(VALUE(LEFT(Q43,4)))),DATE(LEFT(Q43,4),MID(Q43,6,2),RIGHT(Q43,2)),ISNUMBER(SEARCH("-",Q43)),DATE(RIGHT(Q43,4),MID(Q43,4,2),LEFT(Q43,2)),ISNUMBER(SEARCH("/",Q43)),DATE(RIGHT(Q43,4),MID(Q43,4,2),LEFT(Q43,2)),TRUE,"Check Manually")} -> Still Employed | S43: =IF(OR(R43="Missing",R43="N/A",R43="Still Employed"),DATEDIF(O43,TODAY(),"y") &" Years, " &DATEDIF(O43,TODAY(),"ym") & " Months, "&DATEDIF(O43,TODAY(),"md") &" Days",DATEDIF(O43,R43,"y") &" Years, " &DATEDIF(O43,R43,"ym") & " Months, "&DATEDIF(O43,R43,"md") &" Days") -> 3 Years, 3 Months, 4 Days | T43: =VALUE(LEFT(S43,FIND(" Years",S43)-1))*365.25 + VALUE(MID(S43,FIND(", ",S43)+2,FIND(" Months",S43)-FIND(", ",S43)-2))*30.44 + VALUE(MID(S43,FIND("Months, ",S43)+8,FIND(" Days",S43)-FIND("Months, ",S43)-8)) -> 1191.07 | U43: {=_xlfn.IFS(OR(R43="Missing",R43="N/A",R43="Still Employed"),"Unknown",ISNUMBER(R43),"Exited",TRUE,"Unknown")} -> Unknown | V43: =IF(U43="Exited",YEAR(R43),"") | W43: =IF(OR(R43="Missing",R43="N/A",R43="Still Employed"),"Active","Exited") -> Active | X43: ₹111,579 | Y43: =TRIM(X43) -> ₹111,579 | Z43: {=_xlfn.IFS(Y43="","0",LEFT(Y43,5)="",Y43,LEFT(Y43,1)="₹",REPLACE(Y43,1,1,""),LEFT(Y43,4)="Rs. ",REPLACE(Y43,1,4,""),TRUE,Y43)} -> 111,579 | AA43: =SUBSTITUTE(Z43,",","") -> 111579 | AB43: Average | AC43: =IF(AB43="","Not Rated",AB43) -> Average | AD43: 3 | AE43: {=_xlfn.IFS(AD43="",0,AD43<0,"Negate Leave",AD43>=0,AD43)} -> 3
A44: 5253 | B44: DIVYA MEHTA | C44: =IF(ISNUMBER(SEARCH(",",B44)), TRIM(MID(B44,FIND(",",B44)+1,LEN(B44))&" "&LEFT(B44,FIND(",",B44)-1)), B44) -> DIVYA MEHTA | D44: =PROPER(TRIM(C44)) -> Divya Mehta | E44: Male | F44: HR | G44: D03 | H44: =_xlfn.XLOOKUP(G44,Lookup_Tables!$A$4:$A$9,Lookup_Tables!$C$4:$C$9,"Not Found",0) -> Sunita Rao | I44: Hyderabad | J44: anjali.menon@company.com | K44: =IF(J44="","No Email ID",SUBSTITUTE(J44,"companycom","company.com")) -> anjali.menon@company.com | L44: +91-4718713264 | M44: =SUBSTITUTE(L44," ","") -> +91-4718713264 | N44: {=_xlfn.IFS(M44="","Incomplete",LEN(M44)<10,"Invalid",AND(LEN(M44) =10,LEFT(M44,4) <>"+91-"),"+91-"&M44,TRUE,M44)} -> +91-4718713264 | O44: 2024-05-25 | P44: Still Employed | Q44: =IF(P44="","Missing",P44) -> Still Employed | R44: {=_xlfn.IFS(OR(Q44="Missing",Q44="N/A",Q44="Still Employed"),Q44,ISNUMBER(SEARCH(",",Q44)),DATEVALUE(Q44),AND(ISNUMBER(SEARCH("-",Q44)),ISNUMBER(VALUE(LEFT(Q44,4)))),DATE(LEFT(Q44,4),MID(Q44,6,2),RIGHT(Q44,2)),ISNUMBER(SEARCH("-",Q44)),DATE(RIGHT(Q44,4),MID(Q44,4,2),LEFT(Q44,2)),ISNUMBER(SEARCH("/",Q44)),DATE(RIGHT(Q44,4),MID(Q44,4,2),LEFT(Q44,2)),TRUE,"Check Manually")} -> Still Employed | S44: =IF(OR(R44="Missing",R44="N/A",R44="Still Employed"),DATEDIF(O44,TODAY(),"y") &" Years, " &DATEDIF(O44,TODAY(),"ym") & " Months, "&DATEDIF(O44,TODAY(),"md") &" Days",DATEDIF(O44,R44,"y") &" Years, " &DATEDIF(O44,R44,"ym") & " Months, "&DATEDIF(O44,R44,"md") &" Days") -> 2 Years, 1 Months, 26 Days | T44: =VALUE(LEFT(S44,FIND(" Years",S44)-1))*365.25 + VALUE(MID(S44,FIND(", ",S44)+2,FIND(" Months",S44)-FIND(", ",S44)-2))*30.44 + VALUE(MID(S44,FIND("Months, ",S44)+8,FIND(" Days",S44)-FIND("Months, ",S44)-8)) -> 786.94 | U44: {=_xlfn.IFS(OR(R44="Missing",R44="N/A",R44="Still Employed"),"Unknown",ISNUMBER(R44),"Exited",TRUE,"Unknown")} -> Unknown | V44: =IF(U44="Exited",YEAR(R44),"") | W44: =IF(OR(R44="Missing",R44="N/A",R44="Still Employed"),"Active","Exited") -> Active | X44: 115357 | Y44: =TRIM(X44) -> 115357 | Z44: {=_xlfn.IFS(Y44="","0",LEFT(Y44,5)="",Y44,LEFT(Y44,1)="₹",REPLACE(Y44,1,1,""),LEFT(Y44,4)="Rs. ",REPLACE(Y44,1,4,""),TRUE,Y44)} -> 115357 | AA44: =SUBSTITUTE(Z44,",","") -> 115357 | AB44: Excellent | AC44: =IF(AB44="","Not Rated",AB44) -> Excellent | AD44: 9 | AE44: {=_xlfn.IFS(AD44="",0,AD44<0,"Negate Leave",AD44>=0,AD44)} -> 9
A45: 5124 | B45: Menon, Anjali | C45: =IF(ISNUMBER(SEARCH(",",B45)), TRIM(MID(B45,FIND(",",B45)+1,LEN(B45))&" "&LEFT(B45,FIND(",",B45)-1)), B45) -> Anjali Menon | D45: =PROPER(TRIM(C45)) -> Anjali Menon | E45: female | F45: Sales | G45: D02 | H45: =_xlfn.XLOOKUP(G45,Lookup_Tables!$A$4:$A$9,Lookup_Tables!$C$4:$C$9,"Not Found",0) -> Rajiv Kapoor | I45: Ahmedabad | J45: divya.agarwal@company.com | K45: =IF(J45="","No Email ID",SUBSTITUTE(J45,"companycom","company.com")) -> divya.agarwal@company.com | L45: 1387837576 | M45: =SUBSTITUTE(L45," ","") -> 1387837576 | N45: {=_xlfn.IFS(M45="","Incomplete",LEN(M45)<10,"Invalid",AND(LEN(M45) =10,LEFT(M45,4) <>"+91-"),"+91-"&M45,TRUE,M45)} -> +91-1387837576 | O45: 2020-12-01 | Q45: =IF(P45="","Missing",P45) -> Missing | R45: {=_xlfn.IFS(OR(Q45="Missing",Q45="N/A",Q45="Still Employed"),Q45,ISNUMBER(SEARCH(",",Q45)),DATEVALUE(Q45),AND(ISNUMBER(SEARCH("-",Q45)),ISNUMBER(VALUE(LEFT(Q45,4)))),DATE(LEFT(Q45,4),MID(Q45,6,2),RIGHT(Q45,2)),ISNUMBER(SEARCH("-",Q45)),DATE(RIGHT(Q45,4),MID(Q45,4,2),LEFT(Q45,2)),ISNUMBER(SEARCH("/",Q45)),DATE(RIGHT(Q45,4),MID(Q45,4,2),LEFT(Q45,2)),TRUE,"Check Manually")} -> Missing | S45: =IF(OR(R45="Missing",R45="N/A",R45="Still Employed"),DATEDIF(O45,TODAY(),"y") &" Years, " &DATEDIF(O45,TODAY(),"ym") & " Months, "&DATEDIF(O45,TODAY(),"md") &" Days",DATEDIF(O45,R45,"y") &" Years, " &DATEDIF(O45,R45,"ym") & " Months, "&DATEDIF(O45,R45,"md") &" Days") -> 5 Years, 7 Months, 20 Days | T45: =VALUE(LEFT(S45,FIND(" Years",S45)-1))*365.25 + VALUE(MID(S45,FIND(", ",S45)+2,FIND(" Months",S45)-FIND(", ",S45)-2))*30.44 + VALUE(MID(S45,FIND("Months, ",S45)+8,FIND(" Days",S45)-FIND("Months, ",S45)-8)) -> 2059.33 | U45: {=_xlfn.IFS(OR(R45="Missing",R45="N/A",R45="Still Employed"),"Unknown",ISNUMBER(R45),"Exited",TRUE,"Unknown")} -> Unknown | V45: =IF(U45="Exited",YEAR(R45),"") | W45: =IF(OR(R45="Missing",R45="N/A",R45="Still Employed"),"Active","Exited") -> Active | Y45: =TRIM(X45) | Z45: {=_xlfn.IFS(Y45="","0",LEFT(Y45,5)="",Y45,LEFT(Y45,1)="₹",REPLACE(Y45,1,1,""),LEFT(Y45,4)="Rs. ",REPLACE(Y45,1,4,""),TRUE,Y45)} -> 0 | AA45: =SUBSTITUTE(Z45,",","") -> 0 | AB45: Excellent | AC45: =IF(AB45="","Not Rated",AB45) -> Excellent | AD45: 14 | AE45: {=_xlfn.IFS(AD45="",0,AD45<0,"Negate Leave",AD45>=0,AD45)} -> 14
A46: 5025 | B46: Agarwal, Divya | C46: =IF(ISNUMBER(SEARCH(",",B46)), TRIM(MID(B46,FIND(",",B46)+1,LEN(B46))&" "&LEFT(B46,FIND(",",B46)-1)), B46) -> Divya Agarwal | D46: =PROPER(TRIM(C46)) -> Divya Agarwal | E46: Male | F46: Customer Support | G46: D06 | H46: =_xlfn.XLOOKUP(G46,Lookup_Tables!$A$4:$A$9,Lookup_Tables!$C$4:$C$9,"Not Found",0) -> Faisal Ahmed | I46: Pune | J46: kirti.bose@company.com | K46: =IF(J46="","No Email ID",SUBSTITUTE(J46,"companycom","company.com")) -> kirti.bose@company.com | M46: =SUBSTITUTE(L46," ","") | N46: {=_xlfn.IFS(M46="","Incomplete",LEN(M46)<10,"Invalid",AND(LEN(M46) =10,LEFT(M46,4) <>"+91-"),"+91-"&M46,TRUE,M46)} -> Incomplete | O46: 2020-02-08 | Q46: =IF(P46="","Missing",P46) -> Missing | R46: {=_xlfn.IFS(OR(Q46="Missing",Q46="N/A",Q46="Still Employed"),Q46,ISNUMBER(SEARCH(",",Q46)),DATEVALUE(Q46),AND(ISNUMBER(SEARCH("-",Q46)),ISNUMBER(VALUE(LEFT(Q46,4)))),DATE(LEFT(Q46,4),MID(Q46,6,2),RIGHT(Q46,2)),ISNUMBER(SEARCH("-",Q46)),DATE(RIGHT(Q46,4),MID(Q46,4,2),LEFT(Q46,2)),ISNUMBER(SEARCH("/",Q46)),DATE(RIGHT(Q46,4),MID(Q46,4,2),LEFT(Q46,2)),TRUE,"Check Manually")} -> Missing | S46: =IF(OR(R46="Missing",R46="N/A",R46="Still Employed"),DATEDIF(O46,TODAY(),"y") &" Years, " &DATEDIF(O46,TODAY(),"ym") & " Months, "&DATEDIF(O46,TODAY(),"md") &" Days",DATEDIF(O46,R46,"y") &" Years, " &DATEDIF(O46,R46,"ym") & " Months, "&DATEDIF(O46,R46,"md") &" Days") -> 6 Years, 5 Months, 13 Days | T46: =VALUE(LEFT(S46,FIND(" Years",S46)-1))*365.25 + VALUE(MID(S46,FIND(", ",S46)+2,FIND(" Months",S46)-FIND(", ",S46)-2))*30.44 + VALUE(MID(S46,FIND("Months, ",S46)+8,FIND(" Days",S46)-FIND("Months, ",S46)-8)) -> 2356.7 | U46: {=_xlfn.IFS(OR(R46="Missing",R46="N/A",R46="Still Employed"),"Unknown",ISNUMBER(R46),"Exited",TRUE,"Unknown")} -> Unknown | V46: =IF(U46="Exited",YEAR(R46),"") | W46: =IF(OR(R46="Missing",R46="N/A",R46="Still Employed"),"Active","Exited") -> Active | X46: Rs. 35,031 | Y46: =TRIM(X46) -> Rs. 35,031 | Z46: {=_xlfn.IFS(Y46="","0",LEFT(Y46,5)="",Y46,LEFT(Y46,1)="₹",REPLACE(Y46,1,1,""),LEFT(Y46,4)="Rs. ",REPLACE(Y46,1,4,""),TRUE,Y46)} -> 35,031 | AA46: =SUBSTITUTE(Z46,",","") -> 35031 | AB46: Below Average | AC46: =IF(AB46="","Not Rated",AB46) -> Below Average | AD46: 4 | AE46: {=_xlfn.IFS(AD46="",0,AD46<0,"Negate Leave",AD46>=0,AD46)} -> 4
A47: 5180 | B47: Bose, Kirti | C47: =IF(ISNUMBER(SEARCH(",",B47)), TRIM(MID(B47,FIND(",",B47)+1,LEN(B47))&" "&LEFT(B47,FIND(",",B47)-1)), B47) -> Kirti Bose | D47: =PROPER(TRIM(C47)) -> Kirti Bose | E47: Female | F47: HR | G47: D03 | H47: =_xlfn.XLOOKUP(G47,Lookup_Tables!$A$4:$A$9,Lookup_Tables!$C$4:$C$9,"Not Found",0) -> Sunita Rao | I47: Kolkata | K47: =IF(J47="","No Email ID",SUBSTITUTE(J47,"companycom","company.com")) -> No Email ID | L47: 6055319088 | M47: =SUBSTITUTE(L47," ","") -> 6055319088 | N47: {=_xlfn.IFS(M47="","Incomplete",LEN(M47)<10,"Invalid",AND(LEN(M47) =10,LEFT(M47,4) <>"+91-"),"+91-"&M47,TRUE,M47)} -> +91-6055319088 | O47: 2023-04-05 | Q47: =IF(P47="","Missing",P47) -> Missing | R47: {=_xlfn.IFS(OR(Q47="Missing",Q47="N/A",Q47="Still Employed"),Q47,ISNUMBER(SEARCH(",",Q47)),DATEVALUE(Q47),AND(ISNUMBER(SEARCH("-",Q47)),ISNUMBER(VALUE(LEFT(Q47,4)))),DATE(LEFT(Q47,4),MID(Q47,6,2),RIGHT(Q47,2)),ISNUMBER(SEARCH("-",Q47)),DATE(RIGHT(Q47,4),MID(Q47,4,2),LEFT(Q47,2)),ISNUMBER(SEARCH("/",Q47)),DATE(RIGHT(Q47,4),MID(Q47,4,2),LEFT(Q47,2)),TRUE,"Check Manually")} -> Missing | S47: =IF(OR(R47="Missing",R47="N/A",R47="Still Employed"),DATEDIF(O47,TODAY(),"y") &" Years, " &DATEDIF(O47,TODAY(),"ym") & " Months, "&DATEDIF(O47,TODAY(),"md") &" Days",DATEDIF(O47,R47,"y") &" Years, " &DATEDIF(O47,R47,"ym") & " Months, "&DATEDIF(O47,R47,"md") &" Days") -> 3 Years, 3 Months, 16 Days | T47: =VALUE(LEFT(S47,FIND(" Years",S47)-1))*365.25 + VALUE(MID(S47,FIND(", ",S47)+2,FIND(" Months",S47)-FIND(", ",S47)-2))*30.44 + VALUE(MID(S47,FIND("Months, ",S47)+8,FIND(" Days",S47)-FIND("Months, ",S47)-8)) -> 1203.07 | U47: {=_xlfn.IFS(OR(R47="Missing",R47="N/A",R47="Still Employed"),"Unknown",ISNUMBER(R47),"Exited",TRUE,"Unknown")} -> Unknown | V47: =IF(U47="Exited",YEAR(R47),"") | W47: =IF(OR(R47="Missing",R47="N/A",R47="Still Employed"),"Active","Exited") -> Active | X47: Rs. 43,300 | Y47: =TRIM(X47) -> Rs. 43,300 | Z47: {=_xlfn.IFS(Y47="","0",LEFT(Y47,5)="",Y47,LEFT(Y47,1)="₹",REPLACE(Y47,1,1,""),LEFT(Y47,4)="Rs. ",REPLACE(Y47,1,4,""),TRUE,Y47)} -> 43,300 | AA47: =SUBSTITUTE(Z47,",","") -> 43300 | AB47: Below Average | AC47: =IF(AB47="","Not Rated",AB47) -> Below Average | AD47: -3 | AE47: {=_xlfn.IFS(AD47="",0,AD47<0,"Negate Leave",AD47>=0,AD47)} -> Negate Leave
A48: 5306 | B48: NEHA TRIVEDI | C48: =IF(ISNUMBER(SEARCH(",",B48)), TRIM(MID(B48,FIND(",",B48)+1,LEN(B48))&" "&LEFT(B48,FIND(",",B48)-1)), B48) -> NEHA TRIVEDI | D48: =PROPER(TRIM(C48)) -> Neha Trivedi | E48: Female | F48: Marketing | G48: D04 | H48: =_xlfn.XLOOKUP(G48,Lookup_Tables!$A$4:$A$9,Lookup_Tables!$C$4:$C$9,"Not Found",0) -> Vivek Malhotra | I48: Mumbai | J48: sanjay.naidu@company.com | K48: =IF(J48="","No Email ID",SUBSTITUTE(J48,"companycom","company.com")) -> sanjay.naidu@company.com | L48: +91-3276945298 | M48: =SUBSTITUTE(L48," ","") -> +91-3276945298 | N48: {=_xlfn.IFS(M48="","Incomplete",LEN(M48)<10,"Invalid",AND(LEN(M48) =10,LEFT(M48,4) <>"+91-"),"+91-"&M48,TRUE,M48)} -> +91-3276945298 | O48: 2023-10-28 | Q48: =IF(P48="","Missing",P48) -> Missing | R48: {=_xlfn.IFS(OR(Q48="Missing",Q48="N/A",Q48="Still Employed"),Q48,ISNUMBER(SEARCH(",",Q48)),DATEVALUE(Q48),AND(ISNUMBER(SEARCH("-",Q48)),ISNUMBER(VALUE(LEFT(Q48,4)))),DATE(LEFT(Q48,4),MID(Q48,6,2),RIGHT(Q48,2)),ISNUMBER(SEARCH("-",Q48)),DATE(RIGHT(Q48,4),MID(Q48,4,2),LEFT(Q48,2)),ISNUMBER(SEARCH("/",Q48)),DATE(RIGHT(Q48,4),MID(Q48,4,2),LEFT(Q48,2)),TRUE,"Check Manually")} -> Missing | S48: =IF(OR(R48="Missing",R48="N/A",R48="Still Employed"),DATEDIF(O48,TODAY(),"y") &" Years, " &DATEDIF(O48,TODAY(),"ym") & " Months, "&DATEDIF(O48,TODAY(),"md") &" Days",DATEDIF(O48,R48,"y") &" Years, " &DATEDIF(O48,R48,"ym") & " Months, "&DATEDIF(O48,R48,"md") &" Days") -> 2 Years, 8 Months, 23 Days | T48: =VALUE(LEFT(S48,FIND(" Years",S48)-1))*365.25 + VALUE(MID(S48,FIND(", ",S48)+2,FIND(" Months",S48)-FIND(", ",S48)-2))*30.44 + VALUE(MID(S48,FIND("Months, ",S48)+8,FIND(" Days",S48)-FIND("Months, ",S48)-8)) -> 997.02 | U48: {=_xlfn.IFS(OR(R48="Missing",R48="N/A",R48="Still Employed"),"Unknown",ISNUMBER(R48),"Exited",TRUE,"Unknown")} -> Unknown | V48: =IF(U48="Exited",YEAR(R48),"") | W48: =IF(OR(R48="Missing",R48="N/A",R48="Still Employed"),"Active","Exited") -> Active | X48: ₹63,712 | Y48: =TRIM(X48) -> ₹63,712 | Z48: {=_xlfn.IFS(Y48="","0",LEFT(Y48,5)="",Y48,LEFT(Y48,1)="₹",REPLACE(Y48,1,1,""),LEFT(Y48,4)="Rs. ",REPLACE(Y48,1,4,""),TRUE,Y48)} -> 63,712 | AA48: =SUBSTITUTE(Z48,",","") -> 63712 | AB48: Average | AC48: =IF(AB48="","Not Rated",AB48) -> Average | AD48: 4 | AE48: {=_xlfn.IFS(AD48="",0,AD48<0,"Negate Leave",AD48>=0,AD48)} -> 4
A49: 5229 | B49: Sanjay Naidu | C49: =IF(ISNUMBER(SEARCH(",",B49)), TRIM(MID(B49,FIND(",",B49)+1,LEN(B49))&" "&LEFT(B49,FIND(",",B49)-1)), B49) -> Sanjay Naidu | D49: =PROPER(TRIM(C49)) -> Sanjay Naidu | E49: Male | F49: Customer Support | G49: D06 | H49: =_xlfn.XLOOKUP(G49,Lookup_Tables!$A$4:$A$9,Lookup_Tables!$C$4:$C$9,"Not Found",0) -> Faisal Ahmed | I49: Chennai | J49: amit.chopra@company.com | K49: =IF(J49="","No Email ID",SUBSTITUTE(J49,"companycom","company.com")) -> amit.chopra@company.com | L49: 13198 00199 | M49: =SUBSTITUTE(L49," ","") -> 1319800199 | N49: {=_xlfn.IFS(M49="","Incomplete",LEN(M49)<10,"Invalid",AND(LEN(M49) =10,LEFT(M49,4) <>"+91-"),"+91-"&M49,TRUE,M49)} -> +91-1319800199 | O49: 2020-09-17 | Q49: =IF(P49="","Missing",P49) -> Missing | R49: {=_xlfn.IFS(OR(Q49="Missing",Q49="N/A",Q49="Still Employed"),Q49,ISNUMBER(SEARCH(",",Q49)),DATEVALUE(Q49),AND(ISNUMBER(SEARCH("-",Q49)),ISNUMBER(VALUE(LEFT(Q49,4)))),DATE(LEFT(Q49,4),MID(Q49,6,2),RIGHT(Q49,2)),ISNUMBER(SEARCH("-",Q49)),DATE(RIGHT(Q49,4),MID(Q49,4,2),LEFT(Q49,2)),ISNUMBER(SEARCH("/",Q49)),DATE(RIGHT(Q49,4),MID(Q49,4,2),LEFT(Q49,2)),TRUE,"Check Manually")} -> Missing | S49: =IF(OR(R49="Missing",R49="N/A",R49="Still Employed"),DATEDIF(O49,TODAY(),"y") &" Years, " &DATEDIF(O49,TODAY(),"ym") & " Months, "&DATEDIF(O49,TODAY(),"md") &" Days",DATEDIF(O49,R49,"y") &" Years, " &DATEDIF(O49,R49,"ym") & " Months, "&DATEDIF(O49,R49,"md") &" Days") -> 5 Years, 10 Months, 4 Days | T49: =VALUE(LEFT(S49,FIND(" Years",S49)-1))*365.25 + VALUE(MID(S49,FIND(", ",S49)+2,FIND(" Months",S49)-FIND(", ",S49)-2))*30.44 + VALUE(MID(S49,FIND("Months, ",S49)+8,FIND(" Days",S49)-FIND("Months, ",S49)-8)) -> 2134.65 | U49: {=_xlfn.IFS(OR(R49="Missing",R49="N/A",R49="Still Employed"),"Unknown",ISNUMBER(R49),"Exited",TRUE,"Unknown")} -> Unknown | V49: =IF(U49="Exited",YEAR(R49),"") | W49: =IF(OR(R49="Missing",R49="N/A",R49="Still Employed"),"Active","Exited") -> Active | X49: 157939 | Y49: =TRIM(X49) -> 157939 | Z49: {=_xlfn.IFS(Y49="","0",LEFT(Y49,5)="",Y49,LEFT(Y49,1)="₹",REPLACE(Y49,1,1,""),LEFT(Y49,4)="Rs. ",REPLACE(Y49,1,4,""),TRUE,Y49)} -> 157939 | AA49: =SUBSTITUTE(Z49,",","") -> 157939 | AB49: Poor | AC49: =IF(AB49="","Not Rated",AB49) -> Poor | AD49: 4 | AE49: {=_xlfn.IFS(AD49="",0,AD49<0,"Negate Leave",AD49>=0,AD49)} -> 4
A50: 5293 | B50: AMIT CHOPRA | C50: =IF(ISNUMBER(SEARCH(",",B50)), TRIM(MID(B50,FIND(",",B50)+1,LEN(B50))&" "&LEFT(B50,FIND(",",B50)-1)), B50) -> AMIT CHOPRA | D50: =PROPER(TRIM(C50)) -> Amit Chopra | E50: female | F50: Finance | G50: D05 | H50: =_xlfn.XLOOKUP(G50,Lookup_Tables!$A$4:$A$9,Lookup_Tables!$C$4:$C$9,"Not Found",0) -> Leela Iyer | I50: Pune | J50: vikram.rao@company.com | K50: =IF(J50="","No Email ID",SUBSTITUTE(J50,"companycom","company.com")) -> vikram.rao@company.com | L50: 3294168973 | M50: =SUBSTITUTE(L50," ","") -> 3294168973 | N50: {=_xlfn.IFS(M50="","Incomplete",LEN(M50)<10,"Invalid",AND(LEN(M50) =10,LEFT(M50,4) <>"+91-"),"+91-"&M50,TRUE,M50)} -> +91-3294168973 | O50: 2019-11-04 | P50: N/A | Q50: =IF(P50="","Missing",P50) -> N/A | R50: {=_xlfn.IFS(OR(Q50="Missing",Q50="N/A",Q50="Still Employed"),Q50,ISNUMBER(SEARCH(",",Q50)),DATEVALUE(Q50),AND(ISNUMBER(SEARCH("-",Q50)),ISNUMBER(VALUE(LEFT(Q50,4)))),DATE(LEFT(Q50,4),MID(Q50,6,2),RIGHT(Q50,2)),ISNUMBER(SEARCH("-",Q50)),DATE(RIGHT(Q50,4),MID(Q50,4,2),LEFT(Q50,2)),ISNUMBER(SEARCH("/",Q50)),DATE(RIGHT(Q50,4),MID(Q50,4,2),LEFT(Q50,2)),TRUE,"Check Manually")} -> N/A | S50: =IF(OR(R50="Missing",R50="N/A",R50="Still Employed"),DATEDIF(O50,TODAY(),"y") &" Years, " &DATEDIF(O50,TODAY(),"ym") & " Months, "&DATEDIF(O50,TODAY(),"md") &" Days",DATEDIF(O50,R50,"y") &" Years, " &DATEDIF(O50,R50,"ym") & " Months, "&DATEDIF(O50,R50,"md") &" Days") -> 6 Years, 8 Months, 17 Days | T50: =VALUE(LEFT(S50,FIND(" Years",S50)-1))*365.25 + VALUE(MID(S50,FIND(", ",S50)+2,FIND(" Months",S50)-FIND(", ",S50)-2))*30.44 + VALUE(MID(S50,FIND("Months, ",S50)+8,FIND(" Days",S50)-FIND("Months, ",S50)-8)) -> 2452.02 | U50: {=_xlfn.IFS(OR(R50="Missing",R50="N/A",R50="Still Employed"),"Unknown",ISNUMBER(R50),"Exited",TRUE,"Unknown")} -> Unknown | V50: =IF(U50="Exited",YEAR(R50),"") | W50: =IF(OR(R50="Missing",R50="N/A",R50="Still Employed"),"Active","Exited") -> Active | Y50: =TRIM(X50) | Z50: {=_xlfn.IFS(Y50="","0",LEFT(Y50,5)="",Y50,LEFT(Y50,1)="₹",REPLACE(Y50,1,1,""),LEFT(Y50,4)="Rs. ",REPLACE(Y50,1,4,""),TRUE,Y50)} -> 0 | AA50: =SUBSTITUTE(Z50,",","") -> 0 | AB50: Average | AC50: =IF(AB50="","Not Rated",AB50) -> Average | AD50: 20 | AE50: {=_xlfn.IFS(AD50="",0,AD50<0,"Negate Leave",AD50>=0,AD50)} -> 20
A51: 5198 | B51: Vikram Rao | C51: =IF(ISNUMBER(SEARCH(",",B51)), TRIM(MID(B51,FIND(",",B51)+1,LEN(B51))&" "&LEFT(B51,FIND(",",B51)-1)), B51) -> Vikram Rao | D51: =PROPER(TRIM(C51)) -> Vikram Rao | E51: female | F51: Engineering | G51: D01 | H51: =_xlfn.XLOOKUP(G51,Lookup_Tables!$A$4:$A$9,Lookup_Tables!$C$4:$C$9,"Not Found",0) -> Ananya Sen | I51: Chennai | J51: anjali.naidu@company.com | K51: =IF(J51="","No Email ID",SUBSTITUTE(J51,"companycom","company.com")) -> anjali.naidu@company.com | L51: 54699940 | M51: =SUBSTITUTE(L51," ","") -> 54699940 | N51: {=_xlfn.IFS(M51="","Incomplete",LEN(M51)<10,"Invalid",AND(LEN(M51) =10,LEFT(M51,4) <>"+91-"),"+91-"&M51,TRUE,M51)} -> Invalid | O51: 2023-11-06 | P51: Jun 30, 2025 | Q51: =IF(P51="","Missing",P51) -> Jun 30, 2025 | R51: {=_xlfn.IFS(OR(Q51="Missing",Q51="N/A",Q51="Still Employed"),Q51,ISNUMBER(SEARCH(",",Q51)),DATEVALUE(Q51),AND(ISNUMBER(SEARCH("-",Q51)),ISNUMBER(VALUE(LEFT(Q51,4)))),DATE(LEFT(Q51,4),MID(Q51,6,2),RIGHT(Q51,2)),ISNUMBER(SEARCH("-",Q51)),DATE(RIGHT(Q51,4),MID(Q51,4,2),LEFT(Q51,2)),ISNUMBER(SEARCH("/",Q51)),DATE(RIGHT(Q51,4),MID(Q51,4,2),LEFT(Q51,2)),TRUE,"Check Manually")} -> 45838 | S51: =IF(OR(R51="Missing",R51="N/A",R51="Still Employed"),DATEDIF(O51,TODAY(),"y") &" Years, " &DATEDIF(O51,TODAY(),"ym") & " Months, "&DATEDIF(O51,TODAY(),"md") &" Days",DATEDIF(O51,R51,"y") &" Years, " &DATEDIF(O51,R51,"ym") & " Months, "&DATEDIF(O51,R51,"md") &" Days") -> 1 Years, 7 Months, 24 Days | T51: =VALUE(LEFT(S51,FIND(" Years",S51)-1))*365.25 + VALUE(MID(S51,FIND(", ",S51)+2,FIND(" Months",S51)-FIND(", ",S51)-2))*30.44 + VALUE(MID(S51,FIND("Months, ",S51)+8,FIND(" Days",S51)-FIND("Months, ",S51)-8)) -> 602.33 | U51: {=_xlfn.IFS(OR(R51="Missing",R51="N/A",R51="Still Employed"),"Unknown",ISNUMBER(R51),"Exited",TRUE,"Unknown")} -> Exited | V51: =IF(U51="Exited",YEAR(R51),"") -> 2025 | W51: =IF(OR(R51="Missing",R51="N/A",R51="Still Employed"),"Active","Exited") -> Exited | Y51: =TRIM(X51) | Z51: {=_xlfn.IFS(Y51="","0",LEFT(Y51,5)="",Y51,LEFT(Y51,1)="₹",REPLACE(Y51,1,1,""),LEFT(Y51,4)="Rs. ",REPLACE(Y51,1,4,""),TRUE,Y51)} -> 0 | AA51: =SUBSTITUTE(Z51,",","") -> 0 | AB51: Excellent | AC51: =IF(AB51="","Not Rated",AB51) -> Excellent | AE51: {=_xlfn.IFS(AD51="",0,AD51<0,"Negate Leave",AD51>=0,AD51)} -> 0
A52: 5190 | B52: Anjali Naidu | C52: =IF(ISNUMBER(SEARCH(",",B52)), TRIM(MID(B52,FIND(",",B52)+1,LEN(B52))&" "&LEFT(B52,FIND(",",B52)-1)), B52) -> Anjali Naidu | D52: =PROPER(TRIM(C52)) -> Anjali Naidu | E52: Male | F52: Customer Support | G52: D06 | H52: =_xlfn.XLOOKUP(G52,Lookup_Tables!$A$4:$A$9,Lookup_Tables!$C$4:$C$9,"Not Found",0) -> Faisal Ahmed | I52: Ahmedabad | J52: nikhil.rao@company.com | K52: =IF(J52="","No Email ID",SUBSTITUTE(J52,"companycom","company.com")) -> nikhil.rao@company.com | L52: 9205983997 | M52: =SUBSTITUTE(L52," ","") -> 9205983997 | N52: {=_xlfn.IFS(M52="","Incomplete",LEN(M52)<10,"Invalid",AND(LEN(M52) =10,LEFT(M52,4) <>"+91-"),"+91-"&M52,TRUE,M52)} -> +91-9205983997 | O52: 2023-06-08 | Q52: =IF(P52="","Missing",P52) -> Missing | R52: {=_xlfn.IFS(OR(Q52="Missing",Q52="N/A",Q52="Still Employed"),Q52,ISNUMBER(SEARCH(",",Q52)),DATEVALUE(Q52),AND(ISNUMBER(SEARCH("-",Q52)),ISNUMBER(VALUE(LEFT(Q52,4)))),DATE(LEFT(Q52,4),MID(Q52,6,2),RIGHT(Q52,2)),ISNUMBER(SEARCH("-",Q52)),DATE(RIGHT(Q52,4),MID(Q52,4,2),LEFT(Q52,2)),ISNUMBER(SEARCH("/",Q52)),DATE(RIGHT(Q52,4),MID(Q52,4,2),LEFT(Q52,2)),TRUE,"Check Manually")} -> Missing | S52: =IF(OR(R52="Missing",R52="N/A",R52="Still Employed"),DATEDIF(O52,TODAY(),"y") &" Years, " &DATEDIF(O52,TODAY(),"ym") & " Months, "&DATEDIF(O52,TODAY(),"md") &" Days",DATEDIF(O52,R52,"y") &" Years, " &DATEDIF(O52,R52,"ym") & " Months, "&DATEDIF(O52,R52,"md") &" Days") -> 3 Years, 1 Months, 13 Days | T52: =VALUE(LEFT(S52,FIND(" Years",S52)-1))*365.25 + VALUE(MID(S52,FIND(", ",S52)+2,FIND(" Months",S52)-FIND(", ",S52)-2))*30.44 + VALUE(MID(S52,FIND("Months, ",S52)+8,FIND(" Days",S52)-FIND("Months, ",S52)-8)) -> 1139.19 | U52: {=_xlfn.IFS(OR(R52="Missing",R52="N/A",R52="Still Employed"),"Unknown",ISNUMBER(R52),"Exited",TRUE,"Unknown")} -> Unknown | V52: =IF(U52="Exited",YEAR(R52),"") | W52: =IF(OR(R52="Missing",R52="N/A",R52="Still Employed"),"Active","Exited") -> Active | X52: 90565 | Y52: =TRIM(X52) -> 90565 | Z52: {=_xlfn.IFS(Y52="","0",LEFT(Y52,5)="",Y52,LEFT(Y52,1)="₹",REPLACE(Y52,1,1,""),LEFT(Y52,4)="Rs. ",REPLACE(Y52,1,4,""),TRUE,Y52)} -> 90565 | AA52: =SUBSTITUTE(Z52,",","") -> 90565 | AB52: Average | AC52: =IF(AB52="","Not Rated",AB52) -> Average | AD52: 13 | AE52: {=_xlfn.IFS(AD52="",0,AD52<0,"Negate Leave",AD52>=0,AD52)} -> 13
A53: 5337 | B53: Nikhil Rao | C53: =IF(ISNUMBER(SEARCH(",",B53)), TRIM(MID(B53,FIND(",",B53)+1,LEN(B53))&" "&LEFT(B53,FIND(",",B53)-1)), B53) -> Nikhil Rao | D53: =PROPER(TRIM(C53)) -> Nikhil Rao | E53: female | F53: Engineering | G53: D01 | H53: =_xlfn.XLOOKUP(G53,Lookup_Tables!$A$4:$A$9,Lookup_Tables!$C$4:$C$9,"Not Found",0) -> Ananya Sen | I53: Mumbai | J53: sneha.menon@company.com | K53: =IF(J53="","No Email ID",SUBSTITUTE(J53,"companycom","company.com")) -> sneha.menon@company.com | L53: 78891 48654 | M53: =SUBSTITUTE(L53," ","") -> 7889148654 | N53: {=_xlfn.IFS(M53="","Incomplete",LEN(M53)<10,"Invalid",AND(LEN(M53) =10,LEFT(M53,4) <>"+91-"),"+91-"&M53,TRUE,M53)} -> +91-7889148654 | O53: 2022-03-24 | P53: N/A | Q53: =IF(P53="","Missing",P53) -> N/A | R53: {=_xlfn.IFS(OR(Q53="Missing",Q53="N/A",Q53="Still Employed"),Q53,ISNUMBER(SEARCH(",",Q53)),DATEVALUE(Q53),AND(ISNUMBER(SEARCH("-",Q53)),ISNUMBER(VALUE(LEFT(Q53,4)))),DATE(LEFT(Q53,4),MID(Q53,6,2),RIGHT(Q53,2)),ISNUMBER(SEARCH("-",Q53)),DATE(RIGHT(Q53,4),MID(Q53,4,2),LEFT(Q53,2)),ISNUMBER(SEARCH("/",Q53)),DATE(RIGHT(Q53,4),MID(Q53,4,2),LEFT(Q53,2)),TRUE,"Check Manually")} -> N/A | S53: =IF(OR(R53="Missing",R53="N/A",R53="Still Employed"),DATEDIF(O53,TODAY(),"y") &" Years, " &DATEDIF(O53,TODAY(),"ym") & " Months, "&DATEDIF(O53,TODAY(),"md") &" Days",DATEDIF(O53,R53,"y") &" Years, " &DATEDIF(O53,R53,"ym") & " Months, "&DATEDIF(O53,R53,"md") &" Days") -> 4 Years, 3 Months, 27 Days | T53: =VALUE(LEFT(S53,FIND(" Years",S53)-1))*365.25 + VALUE(MID(S53,FIND(", ",S53)+2,FIND(" Months",S53)-FIND(", ",S53)-2))*30.44 + VALUE(MID(S53,FIND("Months, ",S53)+8,FIND(" Days",S53)-FIND("Months, ",S53)-8)) -> 1579.32 | U53: {=_xlfn.IFS(OR(R53="Missing",R53="N/A",R53="Still Employed"),"Unknown",ISNUMBER(R53),"Exited",TRUE,"Unknown")} -> Unknown | V53: =IF(U53="Exited",YEAR(R53),"") | W53: =IF(OR(R53="Missing",R53="N/A",R53="Still Employed"),"Active","Exited") -> Active | X53: Rs. 65,167 | Y53: =TRIM(X53) -> Rs. 65,167 | Z53: {=_xlfn.IFS(Y53="","0",LEFT(Y53,5)="",Y53,LEFT(Y53,1)="₹",REPLACE(Y53,1,1,""),LEFT(Y53,4)="Rs. ",REPLACE(Y53,1,4,""),TRUE,Y53)} -> 65,167 | AA53: =SUBSTITUTE(Z53,",","") -> 65167 | AB53: Good | AC53: =IF(AB53="","Not Rated",AB53) -> Good | AD53: 21 | AE53: {=_xlfn.IFS(AD53="",0,AD53<0,"Negate Leave",AD53>=0,AD53)} -> 21
A54: 5043 | B54: Menon, Sneha | C54: =IF(ISNUMBER(SEARCH(",",B54)), TRIM(MID(B54,FIND(",",B54)+1,LEN(B54))&" "&LEFT(B54,FIND(",",B54)-1)), B54) -> Sneha Menon | D54: =PROPER(TRIM(C54)) -> Sneha Menon | E54: Male | F54: Marketing | G54: D04 | H54: =_xlfn.XLOOKUP(G54,Lookup_Tables!$A$4:$A$9,Lookup_Tables!$C$4:$C$9,"Not Found",0) -> Vivek Malhotra | I54: Bengaluru | J54: priya.desai@company.com | K54: =IF(J54="","No Email ID",SUBSTITUTE(J54,"companycom","company.com")) -> priya.desai@company.com | L54: +91-2967000891 | M54: =SUBSTITUTE(L54," ","") -> +91-2967000891 | N54: {=_xlfn.IFS(M54="","Incomplete",LEN(M54)<10,"Invalid",AND(LEN(M54) =10,LEFT(M54,4) <>"+91-"),"+91-"&M54,TRUE,M54)} -> +91-2967000891 | O54: 2021-05-06 | P54: Jun 30, 2025 | Q54: =IF(P54="","Missing",P54) -> Jun 30, 2025 | R54: {=_xlfn.IFS(OR(Q54="Missing",Q54="N/A",Q54="Still Employed"),Q54,ISNUMBER(SEARCH(",",Q54)),DATEVALUE(Q54),AND(ISNUMBER(SEARCH("-",Q54)),ISNUMBER(VALUE(LEFT(Q54,4)))),DATE(LEFT(Q54,4),MID(Q54,6,2),RIGHT(Q54,2)),ISNUMBER(SEARCH("-",Q54)),DATE(RIGHT(Q54,4),MID(Q54,4,2),LEFT(Q54,2)),ISNUMBER(SEARCH("/",Q54)),DATE(RIGHT(Q54,4),MID(Q54,4,2),LEFT(Q54,2)),TRUE,"Check Manually")} -> 45838 | S54: =IF(OR(R54="Missing",R54="N/A",R54="Still Employed"),DATEDIF(O54,TODAY(),"y") &" Years, " &DATEDIF(O54,TODAY(),"ym") & " Months, "&DATEDIF(O54,TODAY(),"md") &" Days",DATEDIF(O54,R54,"y") &" Years, " &DATEDIF(O54,R54,"ym") & " Months, "&DATEDIF(O54,R54,"md") &" Days") -> 4 Years, 1 Months, 24 Days | T54: =VALUE(LEFT(S54,FIND(" Years",S54)-1))*365.25 + VALUE(MID(S54,FIND(", ",S54)+2,FIND(" Months",S54)-FIND(", ",S54)-2))*30.44 + VALUE(MID(S54,FIND("Months, ",S54)+8,FIND(" Days",S54)-FIND("Months, ",S54)-8)) -> 1515.44 | U54: {=_xlfn.IFS(OR(R54="Missing",R54="N/A",R54="Still Employed"),"Unknown",ISNUMBER(R54),"Exited",TRUE,"Unknown")} -> Exited | V54: =IF(U54="Exited",YEAR(R54),"") -> 2025 | W54: =IF(OR(R54="Missing",R54="N/A",R54="Still Employed"),"Active","Exited") -> Exited | X54: Rs. 154,270 | Y54: =TRIM(X54) -> Rs. 154,270 | Z54: {=_xlfn.IFS(Y54="","0",LEFT(Y54,5)="",Y54,LEFT(Y54,1)="₹",REPLACE(Y54,1,1,""),LEFT(Y54,4)="Rs. ",REPLACE(Y54,1,4,""),TRUE,Y54)} -> 154,270 | AA54: =SUBSTITUTE(Z54,",","") -> 154270 | AB54: Good | AC54: =IF(AB54="","Not Rated",AB54) -> Good | AD54: 8 | AE54: {=_xlfn.IFS(AD54="",0,AD54<0,"Negate Leave",AD54>=0,AD54)} -> 8
A55: 5133 | B55: Priya Desai | C55: =IF(ISNUMBER(SEARCH(",",B55)), TRIM(MID(B55,FIND(",",B55)+1,LEN(B55))&" "&LEFT(B55,FIND(",",B55)-1)), B55) -> Priya Desai | D55: =PROPER(TRIM(C55)) -> Priya Desai | E55: Male | F55: Marketing | G55: D04 | H55: =_xlfn.XLOOKUP(G55,Lookup_Tables!$A$4:$A$9,Lookup_Tables!$C$4:$C$9,"Not Found",0) -> Vivek Malhotra | I55: Kolkata | J55: divya.shah@company.com | K55: =IF(J55="","No Email ID",SUBSTITUTE(J55,"companycom","company.com")) -> divya.shah@company.com | L55: 0789077095 | M55: =SUBSTITUTE(L55," ","") -> 0789077095 | N55: {=_xlfn.IFS(M55="","Incomplete",LEN(M55)<10,"Invalid",AND(LEN(M55) =10,LEFT(M55,4) <>"+91-"),"+91-"&M55,TRUE,M55)} -> +91-0789077095 | O55: 2020-01-07 | P55: 16/12/2024 | Q55: =IF(P55="","Missing",P55) -> 16/12/2024 | R55: {=_xlfn.IFS(OR(Q55="Missing",Q55="N/A",Q55="Still Employed"),Q55,ISNUMBER(SEARCH(",",Q55)),DATEVALUE(Q55),AND(ISNUMBER(SEARCH("-",Q55)),ISNUMBER(VALUE(LEFT(Q55,4)))),DATE(LEFT(Q55,4),MID(Q55,6,2),RIGHT(Q55,2)),ISNUMBER(SEARCH("-",Q55)),DATE(RIGHT(Q55,4),MID(Q55,4,2),LEFT(Q55,2)),ISNUMBER(SEARCH("/",Q55)),DATE(RIGHT(Q55,4),MID(Q55,4,2),LEFT(Q55,2)),TRUE,"Check Manually")} -> 45642 | S55: =IF(OR(R55="Missing",R55="N/A",R55="Still Employed"),DATEDIF(O55,TODAY(),"y") &" Years, " &DATEDIF(O55,TODAY(),"ym") & " Months, "&DATEDIF(O55,TODAY(),"md") &" Days",DATEDIF(O55,R55,"y") &" Years, " &DATEDIF(O55,R55,"ym") & " Months, "&DATEDIF(O55,R55,"md") &" Days") -> 4 Years, 11 Months, 9 Days | T55: =VALUE(LEFT(S55,FIND(" Years",S55)-1))*365.25 + VALUE(MID(S55,FIND(", ",S55)+2,FIND(" Months",S55)-FIND(", ",S55)-2))*30.44 + VALUE(MID(S55,FIND("Months, ",S55)+8,FIND(" Days",S55)-FIND("Months, ",S55)-8)) -> 1804.84 | U55: {=_xlfn.IFS(OR(R55="Missing",R55="N/A",R55="Still Employed"),"Unknown",ISNUMBER(R55),"Exited",TRUE,"Unknown")} -> Exited | V55: =IF(U55="Exited",YEAR(R55),"") -> 2024 | W55: =IF(OR(R55="Missing",R55="N/A",R55="Still Employed"),"Active","Exited") -> Exited | X55: 50449 | Y55: =TRIM(X55) -> 50449 | Z55: {=_xlfn.IFS(Y55="","0",LEFT(Y55,5)="",Y55,LEFT(Y55,1)="₹",REPLACE(Y55,1,1,""),LEFT(Y55,4)="Rs. ",REPLACE(Y55,1,4,""),TRUE,Y55)} -> 50449 | AA55: =SUBSTITUTE(Z55,",","") -> 50449 | AB55: Below Average | AC55: =IF(AB55="","Not Rated",AB55) -> Below Average | AD55: 22 | AE55: {=_xlfn.IFS(AD55="",0,AD55<0,"Negate Leave",AD55>=0,AD55)} -> 22
A56: 5193 | B56: Divya Shah | C56: =IF(ISNUMBER(SEARCH(",",B56)), TRIM(MID(B56,FIND(",",B56)+1,LEN(B56))&" "&LEFT(B56,FIND(",",B56)-1)), B56) -> Divya Shah | D56: =PROPER(TRIM(C56)) -> Divya Shah | E56: Female | F56: Sales | G56: D02 | H56: =_xlfn.XLOOKUP(G56,Lookup_Tables!$A$4:$A$9,Lookup_Tables!$C$4:$C$9,"Not Found",0) -> Rajiv Kapoor | I56: Delhi | J56: varun.mehta@company.com | K56: =IF(J56="","No Email ID",SUBSTITUTE(J56,"companycom","company.com")) -> varun.mehta@company.com | L56: 7889322584 | M56: =SUBSTITUTE(L56," ","") -> 7889322584 | N56: {=_xlfn.IFS(M56="","Incomplete",LEN(M56)<10,"Invalid",AND(LEN(M56) =10,LEFT(M56,4) <>"+91-"),"+91-"&M56,TRUE,M56)} -> +91-7889322584 | O56: 2023-11-22 | Q56: =IF(P56="","Missing",P56) -> Missing | R56: {=_xlfn.IFS(OR(Q56="Missing",Q56="N/A",Q56="Still Employed"),Q56,ISNUMBER(SEARCH(",",Q56)),DATEVALUE(Q56),AND(ISNUMBER(SEARCH("-",Q56)),ISNUMBER(VALUE(LEFT(Q56,4)))),DATE(LEFT(Q56,4),MID(Q56,6,2),RIGHT(Q56,2)),ISNUMBER(SEARCH("-",Q56)),DATE(RIGHT(Q56,4),MID(Q56,4,2),LEFT(Q56,2)),ISNUMBER(SEARCH("/",Q56)),DATE(RIGHT(Q56,4),MID(Q56,4,2),LEFT(Q56,2)),TRUE,"Check Manually")} -> Missing | S56: =IF(OR(R56="Missing",R56="N/A",R56="Still Employed"),DATEDIF(O56,TODAY(),"y") &" Years, " &DATEDIF(O56,TODAY(),"ym") & " Months, "&DATEDIF(O56,TODAY(),"md") &" Days",DATEDIF(O56,R56,"y") &" Years, " &DATEDIF(O56,R56,"ym") & " Months, "&DATEDIF(O56,R56,"md") &" Days") -> 2 Years, 7 Months, 29 Days | T56: =VALUE(LEFT(S56,FIND(" Years",S56)-1))*365.25 + VALUE(MID(S56,FIND(", ",S56)+2,FIND(" Months",S56)-FIND(", ",S56)-2))*30.44 + VALUE(MID(S56,FIND("Months, ",S56)+8,FIND(" Days",S56)-FIND("Months, ",S56)-8)) -> 972.58 | U56: {=_xlfn.IFS(OR(R56="Missing",R56="N/A",R56="Still Employed"),"Unknown",ISNUMBER(R56),"Exited",TRUE,"Unknown")} -> Unknown | V56: =IF(U56="Exited",YEAR(R56),"") | W56: =IF(OR(R56="Missing",R56="N/A",R56="Still Employed"),"Active","Exited") -> Active | Y56: =TRIM(X56) | Z56: {=_xlfn.IFS(Y56="","0",LEFT(Y56,5)="",Y56,LEFT(Y56,1)="₹",REPLACE(Y56,1,1,""),LEFT(Y56,4)="Rs. ",REPLACE(Y56,1,4,""),TRUE,Y56)} -> 0 | AA56: =SUBSTITUTE(Z56,",","") -> 0 | AB56: Good | AC56: =IF(AB56="","Not Rated",AB56) -> Good | AD56: 5 | AE56: {=_xlfn.IFS(AD56="",0,AD56<0,"Negate Leave",AD56>=0,AD56)} -> 5
A57: 5161 | B57: Kavya Naidu | C57: =IF(ISNUMBER(SEARCH(",",B57)), TRIM(MID(B57,FIND(",",B57)+1,LEN(B57))&" "&LEFT(B57,FIND(",",B57)-1)), B57) -> Kavya Naidu | D57: =PROPER(TRIM(C57)) -> Kavya Naidu | E57: female | F57: Customer Support | G57: D06 | H57: =_xlfn.XLOOKUP(G57,Lookup_Tables!$A$4:$A$9,Lookup_Tables!$C$4:$C$9,"Not Found",0) -> Faisal Ahmed | I57: Bengaluru | J57: simransaxena@companycom | K57: =IF(J57="","No Email ID",SUBSTITUTE(J57,"companycom","company.com")) -> simransaxena@company.com | L57: 2985186010 | M57: =SUBSTITUTE(L57," ","") -> 2985186010 | N57: {=_xlfn.IFS(M57="","Incomplete",LEN(M57)<10,"Invalid",AND(LEN(M57) =10,LEFT(M57,4) <>"+91-"),"+91-"&M57,TRUE,M57)} -> +91-2985186010 | O57: 2018-06-19 | Q57: =IF(P57="","Missing",P57) -> Missing | R57: {=_xlfn.IFS(OR(Q57="Missing",Q57="N/A",Q57="Still Employed"),Q57,ISNUMBER(SEARCH(",",Q57)),DATEVALUE(Q57),AND(ISNUMBER(SEARCH("-",Q57)),ISNUMBER(VALUE(LEFT(Q57,4)))),DATE(LEFT(Q57,4),MID(Q57,6,2),RIGHT(Q57,2)),ISNUMBER(SEARCH("-",Q57)),DATE(RIGHT(Q57,4),MID(Q57,4,2),LEFT(Q57,2)),ISNUMBER(SEARCH("/",Q57)),DATE(RIGHT(Q57,4),MID(Q57,4,2),LEFT(Q57,2)),TRUE,"Check Manually")} -> Missing | S57: =IF(OR(R57="Missing",R57="N/A",R57="Still Employed"),DATEDIF(O57,TODAY(),"y") &" Years, " &DATEDIF(O57,TODAY(),"ym") & " Months, "&DATEDIF(O57,TODAY(),"md") &" Days",DATEDIF(O57,R57,"y") &" Years, " &DATEDIF(O57,R57,"ym") & " Months, "&DATEDIF(O57,R57,"md") &" Days") -> 8 Years, 1 Months, 2 Days | T57: =VALUE(LEFT(S57,FIND(" Years",S57)-1))*365.25 + VALUE(MID(S57,FIND(", ",S57)+2,FIND(" Months",S57)-FIND(", ",S57)-2))*30.44 + VALUE(MID(S57,FIND("Months, ",S57)+8,FIND(" Days",S57)-FIND("Months, ",S57)-8)) -> 2954.44 | U57: {=_xlfn.IFS(OR(R57="Missing",R57="N/A",R57="Still Employed"),"Unknown",ISNUMBER(R57),"Exited",TRUE,"Unknown")} -> Unknown | V57: =IF(U57="Exited",YEAR(R57),"") | W57: =IF(OR(R57="Missing",R57="N/A",R57="Still Employed"),"Active","Exited") -> Active | X57: 62,214 | Y57: =TRIM(X57) -> 62,214 | Z57: {=_xlfn.IFS(Y57="","0",LEFT(Y57,5)="",Y57,LEFT(Y57,1)="₹",REPLACE(Y57,1,1,""),LEFT(Y57,4)="Rs. ",REPLACE(Y57,1,4,""),TRUE,Y57)} -> 62,214 | AA57: =SUBSTITUTE(Z57,",","") -> 62214 | AB57: Excellent | AC57: =IF(AB57="","Not Rated",AB57) -> Excellent | AD57: 16 | AE57: {=_xlfn.IFS(AD57="",0,AD57<0,"Negate Leave",AD57>=0,AD57)} -> 16
A58: 5155 | B58: Simran Saxena | C58: =IF(ISNUMBER(SEARCH(",",B58)), TRIM(MID(B58,FIND(",",B58)+1,LEN(B58))&" "&LEFT(B58,FIND(",",B58)-1)), B58) -> Simran Saxena | D58: =PROPER(TRIM(C58)) -> Simran Saxena | E58: female | F58: Marketing | G58: D04 | H58: =_xlfn.XLOOKUP(G58,Lookup_Tables!$A$4:$A$9,Lookup_Tables!$C$4:$C$9,"Not Found",0) -> Vivek Malhotra | I58: Mumbai | J58: sneha.bose@company.com | K58: =IF(J58="","No Email ID",SUBSTITUTE(J58,"companycom","company.com")) -> sneha.bose@company.com | M58: =SUBSTITUTE(L58," ","") | N58: {=_xlfn.IFS(M58="","Incomplete",LEN(M58)<10,"Invalid",AND(LEN(M58) =10,LEFT(M58,4) <>"+91-"),"+91-"&M58,TRUE,M58)} -> Incomplete | O58: 2019-07-04 | Q58: =IF(P58="","Missing",P58) -> Missing | R58: {=_xlfn.IFS(OR(Q58="Missing",Q58="N/A",Q58="Still Employed"),Q58,ISNUMBER(SEARCH(",",Q58)),DATEVALUE(Q58),AND(ISNUMBER(SEARCH("-",Q58)),ISNUMBER(VALUE(LEFT(Q58,4)))),DATE(LEFT(Q58,4),MID(Q58,6,2),RIGHT(Q58,2)),ISNUMBER(SEARCH("-",Q58)),DATE(RIGHT(Q58,4),MID(Q58,4,2),LEFT(Q58,2)),ISNUMBER(SEARCH("/",Q58)),DATE(RIGHT(Q58,4),MID(Q58,4,2),LEFT(Q58,2)),TRUE,"Check Manually")} -> Missing | S58: =IF(OR(R58="Missing",R58="N/A",R58="Still Employed"),DATEDIF(O58,TODAY(),"y") &" Years, " &DATEDIF(O58,TODAY(),"ym") & " Months, "&DATEDIF(O58,TODAY(),"md") &" Days",DATEDIF(O58,R58,"y") &" Years, " &DATEDIF(O58,R58,"ym") & " Months, "&DATEDIF(O58,R58,"md") &" Days") -> 7 Years, 0 Months, 17 Days | T58: =VALUE(LEFT(S58,FIND(" Years",S58)-1))*365.25 + VALUE(MID(S58,FIND(", ",S58)+2,FIND(" Months",S58)-FIND(", ",S58)-2))*30.44 + VALUE(MID(S58,FIND("Months, ",S58)+8,FIND(" Days",S58)-FIND("Months, ",S58)-8)) -> 2573.75 | U58: {=_xlfn.IFS(OR(R58="Missing",R58="N/A",R58="Still Employed"),"Unknown",ISNUMBER(R58),"Exited",TRUE,"Unknown")} -> Unknown | V58: =IF(U58="Exited",YEAR(R58),"") | W58: =IF(OR(R58="Missing",R58="N/A",R58="Still Employed"),"Active","Exited") -> Active | Y58: =TRIM(X58) | Z58: {=_xlfn.IFS(Y58="","0",LEFT(Y58,5)="",Y58,LEFT(Y58,1)="₹",REPLACE(Y58,1,1,""),LEFT(Y58,4)="Rs. ",REPLACE(Y58,1,4,""),TRUE,Y58)} -> 0 | AA58: =SUBSTITUTE(Z58,",","") -> 0 | AB58: Average | AC58: =IF(AB58="","Not Rated",AB58) -> Average | AD58: 7 | AE58: {=_xlfn.IFS(AD58="",0,AD58<0,"Negate Leave",AD58>=0,AD58)} -> 7
A59: 5158 | B59: Sneha Bose | C59: =IF(ISNUMBER(SEARCH(",",B59)), TRIM(MID(B59,FIND(",",B59)+1,LEN(B59))&" "&LEFT(B59,FIND(",",B59)-1)), B59) -> Sneha Bose | D59: =PROPER(TRIM(C59)) -> Sneha Bose | E59: Female | F59: Sales | G59: D02 | H59: =_xlfn.XLOOKUP(G59,Lookup_Tables!$A$4:$A$9,Lookup_Tables!$C$4:$C$9,"Not Found",0) -> Rajiv Kapoor | I59: Pune | J59: neha.kulkarni@company.com | K59: =IF(J59="","No Email ID",SUBSTITUTE(J59,"companycom","company.com")) -> neha.kulkarni@company.com | L59: 6261635458 | M59: =SUBSTITUTE(L59," ","") -> 6261635458 | N59: {=_xlfn.IFS(M59="","Incomplete",LEN(M59)<10,"Invalid",AND(LEN(M59) =10,LEFT(M59,4) <>"+91-"),"+91-"&M59,TRUE,M59)} -> +91-6261635458 | O59: 2020-06-29 | P59: Still Employed | Q59: =IF(P59="","Missing",P59) -> Still Employed | R59: {=_xlfn.IFS(OR(Q59="Missing",Q59="N/A",Q59="Still Employed"),Q59,ISNUMBER(SEARCH(",",Q59)),DATEVALUE(Q59),AND(ISNUMBER(SEARCH("-",Q59)),ISNUMBER(VALUE(LEFT(Q59,4)))),DATE(LEFT(Q59,4),MID(Q59,6,2),RIGHT(Q59,2)),ISNUMBER(SEARCH("-",Q59)),DATE(RIGHT(Q59,4),MID(Q59,4,2),LEFT(Q59,2)),ISNUMBER(SEARCH("/",Q59)),DATE(RIGHT(Q59,4),MID(Q59,4,2),LEFT(Q59,2)),TRUE,"Check Manually")} -> Still Employed | S59: =IF(OR(R59="Missing",R59="N/A",R59="Still Employed"),DATEDIF(O59,TODAY(),"y") &" Years, " &DATEDIF(O59,TODAY(),"ym") & " Months, "&DATEDIF(O59,TODAY(),"md") &" Days",DATEDIF(O59,R59,"y") &" Years, " &DATEDIF(O59,R59,"ym") & " Months, "&DATEDIF(O59,R59,"md") &" Days") -> 6 Years, 0 Months, 22 Days | T59: =VALUE(LEFT(S59,FIND(" Years",S59)-1))*365.25 + VALUE(MID(S59,FIND(", ",S59)+2,FIND(" Months",S59)-FIND(", ",S59)-2))*30.44 + VALUE(MID(S59,FIND("Months, ",S59)+8,FIND(" Days",S59)-FIND("Months, ",S59)-8)) -> 2213.5 | U59: {=_xlfn.IFS(OR(R59="Missing",R59="N/A",R59="Still Employed"),"Unknown",ISNUMBER(R59),"Exited",TRUE,"Unknown")} -> Unknown | V59: =IF(U59="Exited",YEAR(R59),"") | W59: =IF(OR(R59="Missing",R59="N/A",R59="Still Employed"),"Active","Exited") -> Active | X59: 50147 | Y59: =TRIM(X59) -> 50147 | Z59: {=_xlfn.IFS(Y59="","0",LEFT(Y59,5)="",Y59,LEFT(Y59,1)="₹",REPLACE(Y59,1,1,""),LEFT(Y59,4)="Rs. ",REPLACE(Y59,1,4,""),TRUE,Y59)} -> 50147 | AA59: =SUBSTITUTE(Z59,",","") -> 50147 | AB59: Poor | AC59: =IF(AB59="","Not Rated",AB59) -> Poor | AD59: -3 | AE59: {=_xlfn.IFS(AD59="",0,AD59<0,"Negate Leave",AD59>=0,AD59)} -> Negate Leave
A60: 5184 | B60: Neha Kulkarni | C60: =IF(ISNUMBER(SEARCH(",",B60)), TRIM(MID(B60,FIND(",",B60)+1,LEN(B60))&" "&LEFT(B60,FIND(",",B60)-1)), B60) -> Neha Kulkarni | D60: =PROPER(TRIM(C60)) -> Neha Kulkarni | E60: female | F60: Marketing | G60: D04 | H60: =_xlfn.XLOOKUP(G60,Lookup_Tables!$A$4:$A$9,Lookup_Tables!$C$4:$C$9,"Not Found",0) -> Vivek Malhotra | I60: Mumbai | J60: meenal.verma@company.com | K60: =IF(J60="","No Email ID",SUBSTITUTE(J60,"companycom","company.com")) -> meenal.verma@company.com | L60: 2048050183 | M60: =SUBSTITUTE(L60," ","") -> 2048050183 | N60: {=_xlfn.IFS(M60="","Incomplete",LEN(M60)<10,"Invalid",AND(LEN(M60) =10,LEFT(M60,4) <>"+91-"),"+91-"&M60,TRUE,M60)} -> +91-2048050183 | O60: 2019-03-11 | Q60: =IF(P60="","Missing",P60) -> Missing | R60: {=_xlfn.IFS(OR(Q60="Missing",Q60="N/A",Q60="Still Employed"),Q60,ISNUMBER(SEARCH(",",Q60)),DATEVALUE(Q60),AND(ISNUMBER(SEARCH("-",Q60)),ISNUMBER(VALUE(LEFT(Q60,4)))),DATE(LEFT(Q60,4),MID(Q60,6,2),RIGHT(Q60,2)),ISNUMBER(SEARCH("-",Q60)),DATE(RIGHT(Q60,4),MID(Q60,4,2),LEFT(Q60,2)),ISNUMBER(SEARCH("/",Q60)),DATE(RIGHT(Q60,4),MID(Q60,4,2),LEFT(Q60,2)),TRUE,"Check Manually")} -> Missing | S60: =IF(OR(R60="Missing",R60="N/A",R60="Still Employed"),DATEDIF(O60,TODAY(),"y") &" Years, " &DATEDIF(O60,TODAY(),"ym") & " Months, "&DATEDIF(O60,TODAY(),"md") &" Days",DATEDIF(O60,R60,"y") &" Years, " &DATEDIF(O60,R60,"ym") & " Months, "&DATEDIF(O60,R60,"md") &" Days") -> 7 Years, 4 Months, 10 Days | T60: =VALUE(LEFT(S60,FIND(" Years",S60)-1))*365.25 + VALUE(MID(S60,FIND(", ",S60)+2,FIND(" Months",S60)-FIND(", ",S60)-2))*30.44 + VALUE(MID(S60,FIND("Months, ",S60)+8,FIND(" Days",S60)-FIND("Months, ",S60)-8)) -> 2688.51 | U60: {=_xlfn.IFS(OR(R60="Missing",R60="N/A",R60="Still Employed"),"Unknown",ISNUMBER(R60),"Exited",TRUE,"Unknown")} -> Unknown | V60: =IF(U60="Exited",YEAR(R60),"") | W60: =IF(OR(R60="Missing",R60="N/A",R60="Still Employed"),"Active","Exited") -> Active | X60: 78,506 | Y60: =TRIM(X60) -> 78,506 | Z60: {=_xlfn.IFS(Y60="","0",LEFT(Y60,5)="",Y60,LEFT(Y60,1)="₹",REPLACE(Y60,1,1,""),LEFT(Y60,4)="Rs. ",REPLACE(Y60,1,4,""),TRUE,Y60)} -> 78,506 | AA60: =SUBSTITUTE(Z60,",","") -> 78506 | AB60: Good | AC60: =IF(AB60="","Not Rated",AB60) -> Good | AD60: 18 | AE60: {=_xlfn.IFS(AD60="",0,AD60<0,"Negate Leave",AD60>=0,AD60)} -> 18
A61: 5205 | B61: Verma, Meenal | C61: =IF(ISNUMBER(SEARCH(",",B61)), TRIM(MID(B61,FIND(",",B61)+1,LEN(B61))&" "&LEFT(B61,FIND(",",B61)-1)), B61) -> Meenal Verma | D61: =PROPER(TRIM(C61)) -> Meenal Verma | E61: Male | F61: Finance | G61: D05 | H61: =_xlfn.XLOOKUP(G61,Lookup_Tables!$A$4:$A$9,Lookup_Tables!$C$4:$C$9,"Not Found",0) -> Leela Iyer | I61: Ahmedabad | J61: yash.mehta@company.com | K61: =IF(J61="","No Email ID",SUBSTITUTE(J61,"companycom","company.com")) -> yash.mehta@company.com | L61: 93481 56758 | M61: =SUBSTITUTE(L61," ","") -> 9348156758 | N61: {=_xlfn.IFS(M61="","Incomplete",LEN(M61)<10,"Invalid",AND(LEN(M61) =10,LEFT(M61,4) <>"+91-"),"+91-"&M61,TRUE,M61)} -> +91-9348156758 | O61: 2021-07-28 | P61: N/A | Q61: =IF(P61="","Missing",P61) -> N/A | R61: {=_xlfn.IFS(OR(Q61="Missing",Q61="N/A",Q61="Still Employed"),Q61,ISNUMBER(SEARCH(",",Q61)),DATEVALUE(Q61),AND(ISNUMBER(SEARCH("-",Q61)),ISNUMBER(VALUE(LEFT(Q61,4)))),DATE(LEFT(Q61,4),MID(Q61,6,2),RIGHT(Q61,2)),ISNUMBER(SEARCH("-",Q61)),DATE(RIGHT(Q61,4),MID(Q61,4,2),LEFT(Q61,2)),ISNUMBER(SEARCH("/",Q61)),DATE(RIGHT(Q61,4),MID(Q61,4,2),LEFT(Q61,2)),TRUE,"Check Manually")} -> N/A | S61: =IF(OR(R61="Missing",R61="N/A",R61="Still Employed"),DATEDIF(O61,TODAY(),"y") &" Years, " &DATEDIF(O61,TODAY(),"ym") & " Months, "&DATEDIF(O61,TODAY(),"md") &" Days",DATEDIF(O61,R61,"y") &" Years, " &DATEDIF(O61,R61,"ym") & " Months, "&DATEDIF(O61,R61,"md") &" Days") -> 4 Years, 11 Months, 23 Days | T61: =VALUE(LEFT(S61,FIND(" Years",S61)-1))*365.25 + VALUE(MID(S61,FIND(", ",S61)+2,FIND(" Months",S61)-FIND(", ",S61)-2))*30.44 + VALUE(MID(S61,FIND("Months, ",S61)+8,FIND(" Days",S61)-FIND("Months, ",S61)-8)) -> 1818.84 | U61: {=_xlfn.IFS(OR(R61="Missing",R61="N/A",R61="Still Employed"),"Unknown",ISNUMBER(R61),"Exited",TRUE,"Unknown")} -> Unknown | V61: =IF(U61="Exited",YEAR(R61),"") | W61: =IF(OR(R61="Missing",R61="N/A",R61="Still Employed"),"Active","Exited") -> Active | X61: 57580 | Y61: =TRIM(X61) -> 57580 | Z61: {=_xlfn.IFS(Y61="","0",LEFT(Y61,5)="",Y61,LEFT(Y61,1)="₹",REPLACE(Y61,1,1,""),LEFT(Y61,4)="Rs. ",REPLACE(Y61,1,4,""),TRUE,Y61)} -> 57580 | AA61: =SUBSTITUTE(Z61,",","") -> 57580 | AB61: Good | AC61: =IF(AB61="","Not Rated",AB61) -> Good | AD61: 18 | AE61: {=_xlfn.IFS(AD61="",0,AD61<0,"Negate Leave",AD61>=0,AD61)} -> 18
A62: 5096 | B62: Yash Mehta | C62: =IF(ISNUMBER(SEARCH(",",B62)), TRIM(MID(B62,FIND(",",B62)+1,LEN(B62))&" "&LEFT(B62,FIND(",",B62)-1)), B62) -> Yash Mehta | D62: =PROPER(TRIM(C62)) -> Yash Mehta | E62: Female | F62: HR | G62: D03 | H62: =_xlfn.XLOOKUP(G62,Lookup_Tables!$A$4:$A$9,Lookup_Tables!$C$4:$C$9,"Not Found",0) -> Sunita Rao | I62: Pune | J62: rahul.reddy@company.com | K62: =IF(J62="","No Email ID",SUBSTITUTE(J62,"companycom","company.com")) -> rahul.reddy@company.com | L62: 60787 38212 | M62: =SUBSTITUTE(L62," ","") -> 6078738212 | N62: {=_xlfn.IFS(M62="","Incomplete",LEN(M62)<10,"Invalid",AND(LEN(M62) =10,LEFT(M62,4) <>"+91-"),"+91-"&M62,TRUE,M62)} -> +91-6078738212 | O62: 2022-03-16 | P62: 2023-01-09 | Q62: =IF(P62="","Missing",P62) -> 2023-01-09 | R62: {=_xlfn.IFS(OR(Q62="Missing",Q62="N/A",Q62="Still Employed"),Q62,ISNUMBER(SEARCH(",",Q62)),DATEVALUE(Q62),AND(ISNUMBER(SEARCH("-",Q62)),ISNUMBER(VALUE(LEFT(Q62,4)))),DATE(LEFT(Q62,4),MID(Q62,6,2),RIGHT(Q62,2)),ISNUMBER(SEARCH("-",Q62)),DATE(RIGHT(Q62,4),MID(Q62,4,2),LEFT(Q62,2)),ISNUMBER(SEARCH("/",Q62)),DATE(RIGHT(Q62,4),MID(Q62,4,2),LEFT(Q62,2)),TRUE,"Check Manually")} -> 44935 | S62: =IF(OR(R62="Missing",R62="N/A",R62="Still Employed"),DATEDIF(O62,TODAY(),"y") &" Years, " &DATEDIF(O62,TODAY(),"ym") & " Months, "&DATEDIF(O62,TODAY(),"md") &" Days",DATEDIF(O62,R62,"y") &" Years, " &DATEDIF(O62,R62,"ym") & " Months, "&DATEDIF(O62,R62,"md") &" Days") -> 0 Years, 9 Months, 24 Days | T62: =VALUE(LEFT(S62,FIND(" Years",S62)-1))*365.25 + VALUE(MID(S62,FIND(", ",S62)+2,FIND(" Months",S62)-FIND(", ",S62)-2))*30.44 + VALUE(MID(S62,FIND("Months, ",S62)+8,FIND(" Days",S62)-FIND("Months, ",S62)-8)) -> 297.96 | U62: {=_xlfn.IFS(OR(R62="Missing",R62="N/A",R62="Still Employed"),"Unknown",ISNUMBER(R62),"Exited",TRUE,"Unknown")} -> Exited | V62: =IF(U62="Exited",YEAR(R62),"") -> 2023 | W62: =IF(OR(R62="Missing",R62="N/A",R62="Still Employed"),"Active","Exited") -> Exited | X62: 133735 | Y62: =TRIM(X62) -> 133735 | Z62: {=_xlfn.IFS(Y62="","0",LEFT(Y62,5)="",Y62,LEFT(Y62,1)="₹",REPLACE(Y62,1,1,""),LEFT(Y62,4)="Rs. ",REPLACE(Y62,1,4,""),TRUE,Y62)} -> 133735 | AA62: =SUBSTITUTE(Z62,",","") -> 133735 | AB62: Poor | AC62: =IF(AB62="","Not Rated",AB62) -> Poor | AD62: 16 | AE62: {=_xlfn.IFS(AD62="",0,AD62<0,"Negate Leave",AD62>=0,AD62)} -> 16
A63: 5217 | B63: Reddy, Rahul | C63: =IF(ISNUMBER(SEARCH(",",B63)), TRIM(MID(B63,FIND(",",B63)+1,LEN(B63))&" "&LEFT(B63,FIND(",",B63)-1)), B63) -> Rahul Reddy | D63: =PROPER(TRIM(C63)) -> Rahul Reddy | E63: Male | F63: Sales | G63: D02 | H63: =_xlfn.XLOOKUP(G63,Lookup_Tables!$A$4:$A$9,Lookup_Tables!$C$4:$C$9,"Not Found",0) -> Rajiv Kapoor | I63: Pune | J63: amit.desai@company.com | K63: =IF(J63="","No Email ID",SUBSTITUTE(J63,"companycom","company.com")) -> amit.desai@company.com | L63: 5925778201 | M63: =SUBSTITUTE(L63," ","") -> 5925778201 | N63: {=_xlfn.IFS(M63="","Incomplete",LEN(M63)<10,"Invalid",AND(LEN(M63) =10,LEFT(M63,4) <>"+91-"),"+91-"&M63,TRUE,M63)} -> +91-5925778201 | O63: 2019-04-01 | Q63: =IF(P63="","Missing",P63) -> Missing | R63: {=_xlfn.IFS(OR(Q63="Missing",Q63="N/A",Q63="Still Employed"),Q63,ISNUMBER(SEARCH(",",Q63)),DATEVALUE(Q63),AND(ISNUMBER(SEARCH("-",Q63)),ISNUMBER(VALUE(LEFT(Q63,4)))),DATE(LEFT(Q63,4),MID(Q63,6,2),RIGHT(Q63,2)),ISNUMBER(SEARCH("-",Q63)),DATE(RIGHT(Q63,4),MID(Q63,4,2),LEFT(Q63,2)),ISNUMBER(SEARCH("/",Q63)),DATE(RIGHT(Q63,4),MID(Q63,4,2),LEFT(Q63,2)),TRUE,"Check Manually")} -> Missing | S63: =IF(OR(R63="Missing",R63="N/A",R63="Still Employed"),DATEDIF(O63,TODAY(),"y") &" Years, " &DATEDIF(O63,TODAY(),"ym") & " Months, "&DATEDIF(O63,TODAY(),"md") &" Days",DATEDIF(O63,R63,"y") &" Years, " &DATEDIF(O63,R63,"ym") & " Months, "&DATEDIF(O63,R63,"md") &" Days") -> 7 Years, 3 Months, 20 Days | T63: =VALUE(LEFT(S63,FIND(" Years",S63)-1))*365.25 + VALUE(MID(S63,FIND(", ",S63)+2,FIND(" Months",S63)-FIND(", ",S63)-2))*30.44 + VALUE(MID(S63,FIND("Months, ",S63)+8,FIND(" Days",S63)-FIND("Months, ",S63)-8)) -> 2668.07 | U63: {=_xlfn.IFS(OR(R63="Missing",R63="N/A",R63="Still Employed"),"Unknown",ISNUMBER(R63),"Exited",TRUE,"Unknown")} -> Unknown | V63: =IF(U63="Exited",YEAR(R63),"") | W63: =IF(OR(R63="Missing",R63="N/A",R63="Still Employed"),"Active","Exited") -> Active | Y63: =TRIM(X63) | Z63: {=_xlfn.IFS(Y63="","0",LEFT(Y63,5)="",Y63,LEFT(Y63,1)="₹",REPLACE(Y63,1,1,""),LEFT(Y63,4)="Rs. ",REPLACE(Y63,1,4,""),TRUE,Y63)} -> 0 | AA63: =SUBSTITUTE(Z63,",","") -> 0 | AB63: Excellent | AC63: =IF(AB63="","Not Rated",AB63) -> Excellent | AD63: 13 | AE63: {=_xlfn.IFS(AD63="",0,AD63<0,"Negate Leave",AD63>=0,AD63)} -> 13
A64: 5218 | B64: Desai, Amit | C64: =IF(ISNUMBER(SEARCH(",",B64)), TRIM(MID(B64,FIND(",",B64)+1,LEN(B64))&" "&LEFT(B64,FIND(",",B64)-1)), B64) -> Amit Desai | D64: =PROPER(TRIM(C64)) -> Amit Desai | E64: Male | F64: Engineering | G64: D01 | H64: =_xlfn.XLOOKUP(G64,Lookup_Tables!$A$4:$A$9,Lookup_Tables!$C$4:$C$9,"Not Found",0) -> Ananya Sen | I64: Pune | J64: aarav.chopra@company.com | K64: =IF(J64="","No Email ID",SUBSTITUTE(J64,"companycom","company.com")) -> aarav.chopra@company.com | L64: 0406145908 | M64: =SUBSTITUTE(L64," ","") -> 0406145908 | N64: {=_xlfn.IFS(M64="","Incomplete",LEN(M64)<10,"Invalid",AND(LEN(M64) =10,LEFT(M64,4) <>"+91-"),"+91-"&M64,TRUE,M64)} -> +91-0406145908 | O64: 2020-08-29 | P64: Still Employed | Q64: =IF(P64="","Missing",P64) -> Still Employed | R64: {=_xlfn.IFS(OR(Q64="Missing",Q64="N/A",Q64="Still Employed"),Q64,ISNUMBER(SEARCH(",",Q64)),DATEVALUE(Q64),AND(ISNUMBER(SEARCH("-",Q64)),ISNUMBER(VALUE(LEFT(Q64,4)))),DATE(LEFT(Q64,4),MID(Q64,6,2),RIGHT(Q64,2)),ISNUMBER(SEARCH("-",Q64)),DATE(RIGHT(Q64,4),MID(Q64,4,2),LEFT(Q64,2)),ISNUMBER(SEARCH("/",Q64)),DATE(RIGHT(Q64,4),MID(Q64,4,2),LEFT(Q64,2)),TRUE,"Check Manually")} -> Still Employed | S64: =IF(OR(R64="Missing",R64="N/A",R64="Still Employed"),DATEDIF(O64,TODAY(),"y") &" Years, " &DATEDIF(O64,TODAY(),"ym") & " Months, "&DATEDIF(O64,TODAY(),"md") &" Days",DATEDIF(O64,R64,"y") &" Years, " &DATEDIF(O64,R64,"ym") & " Months, "&DATEDIF(O64,R64,"md") &" Days") -> 5 Years, 10 Months, 22 Days | T64: =VALUE(LEFT(S64,FIND(" Years",S64)-1))*365.25 + VALUE(MID(S64,FIND(", ",S64)+2,FIND(" Months",S64)-FIND(", ",S64)-2))*30.44 + VALUE(MID(S64,FIND("Months, ",S64)+8,FIND(" Days",S64)-FIND("Months, ",S64)-8)) -> 2152.65 | U64: {=_xlfn.IFS(OR(R64="Missing",R64="N/A",R64="Still Employed"),"Unknown",ISNUMBER(R64),"Exited",TRUE,"Unknown")} -> Unknown | V64: =IF(U64="Exited",YEAR(R64),"") | W64: =IF(OR(R64="Missing",R64="N/A",R64="Still Employed"),"Active","Exited") -> Active | X64: Rs. 61,400 | Y64: =TRIM(X64) -> Rs. 61,400 | Z64: {=_xlfn.IFS(Y64="","0",LEFT(Y64,5)="",Y64,LEFT(Y64,1)="₹",REPLACE(Y64,1,1,""),LEFT(Y64,4)="Rs. ",REPLACE(Y64,1,4,""),TRUE,Y64)} -> 61,400 | AA64: =SUBSTITUTE(Z64,",","") -> 61400 | AB64: Excellent | AC64: =IF(AB64="","Not Rated",AB64) -> Excellent | AD64: 2 | AE64: {=_xlfn.IFS(AD64="",0,AD64<0,"Negate Leave",AD64>=0,AD64)} -> 2
A65: 5201 | B65: aarav chopra | C65: =IF(ISNUMBER(SEARCH(",",B65)), TRIM(MID(B65,FIND(",",B65)+1,LEN(B65))&" "&LEFT(B65,FIND(",",B65)-1)), B65) -> aarav chopra | D65: =PROPER(TRIM(C65)) -> Aarav Chopra | E65: Male | F65: Sales | G65: D02 | H65: =_xlfn.XLOOKUP(G65,Lookup_Tables!$A$4:$A$9,Lookup_Tables!$C$4:$C$9,"Not Found",0) -> Rajiv Kapoor | I65: Chennai | J65: kavya.bhatt@company.com | K65: =IF(J65="","No Email ID",SUBSTITUTE(J65,"companycom","company.com")) -> kavya.bhatt@company.com | L65: 2672567281 | M65: =SUBSTITUTE(L65," ","") -> 2672567281 | N65: {=_xlfn.IFS(M65="","Incomplete",LEN(M65)<10,"Invalid",AND(LEN(M65) =10,LEFT(M65,4) <>"+91-"),"+91-"&M65,TRUE,M65)} -> +91-2672567281 | O65: 2019-03-17 | Q65: =IF(P65="","Missing",P65) -> Missing | R65: {=_xlfn.IFS(OR(Q65="Missing",Q65="N/A",Q65="Still Employed"),Q65,ISNUMBER(SEARCH(",",Q65)),DATEVALUE(Q65),AND(ISNUMBER(SEARCH("-",Q65)),ISNUMBER(VALUE(LEFT(Q65,4)))),DATE(LEFT(Q65,4),MID(Q65,6,2),RIGHT(Q65,2)),ISNUMBER(SEARCH("-",Q65)),DATE(RIGHT(Q65,4),MID(Q65,4,2),LEFT(Q65,2)),ISNUMBER(SEARCH("/",Q65)),DATE(RIGHT(Q65,4),MID(Q65,4,2),LEFT(Q65,2)),TRUE,"Check Manually")} -> Missing | S65: =IF(OR(R65="Missing",R65="N/A",R65="Still Employed"),DATEDIF(O65,TODAY(),"y") &" Years, " &DATEDIF(O65,TODAY(),"ym") & " Months, "&DATEDIF(O65,TODAY(),"md") &" Days",DATEDIF(O65,R65,"y") &" Years, " &DATEDIF(O65,R65,"ym") & " Months, "&DATEDIF(O65,R65,"md") &" Days") -> 7 Years, 4 Months, 4 Days | T65: =VALUE(LEFT(S65,FIND(" Years",S65)-1))*365.25 + VALUE(MID(S65,FIND(", ",S65)+2,FIND(" Months",S65)-FIND(", ",S65)-2))*30.44 + VALUE(MID(S65,FIND("Months, ",S65)+8,FIND(" Days",S65)-FIND("Months, ",S65)-8)) -> 2682.51 | U65: {=_xlfn.IFS(OR(R65="Missing",R65="N/A",R65="Still Employed"),"Unknown",ISNUMBER(R65),"Exited",TRUE,"Unknown")} -> Unknown | V65: =IF(U65="Exited",YEAR(R65),"") | W65: =IF(OR(R65="Missing",R65="N/A",R65="Still Employed"),"Active","Exited") -> Active | X65: 64644 | Y65: =TRIM(X65) -> 64644 | Z65: {=_xlfn.IFS(Y65="","0",LEFT(Y65,5)="",Y65,LEFT(Y65,1)="₹",REPLACE(Y65,1,1,""),LEFT(Y65,4)="Rs. ",REPLACE(Y65,1,4,""),TRUE,Y65)} -> 64644 | AA65: =SUBSTITUTE(Z65,",","") -> 64644 | AB65: Poor | AC65: =IF(AB65="","Not Rated",AB65) -> Poor | AD65: 0 | AE65: {=_xlfn.IFS(AD65="",0,AD65<0,"Negate Leave",AD65>=0,AD65)} -> 0
A66: 5282 | B66: Bhatt, Kavya | C66: =IF(ISNUMBER(SEARCH(",",B66)), TRIM(MID(B66,FIND(",",B66)+1,LEN(B66))&" "&LEFT(B66,FIND(",",B66)-1)), B66) -> Kavya Bhatt | D66: =PROPER(TRIM(C66)) -> Kavya Bhatt | E66: Female | F66: HR | G66: D03 | H66: =_xlfn.XLOOKUP(G66,Lookup_Tables!$A$4:$A$9,Lookup_Tables!$C$4:$C$9,"Not Found",0) -> Sunita Rao | I66: Hyderabad | J66: manish.pillai@company.com | K66: =IF(J66="","No Email ID",SUBSTITUTE(J66,"companycom","company.com")) -> manish.pillai@company.com | L66: 3019659265 | M66: =SUBSTITUTE(L66," ","") -> 3019659265 | N66: {=_xlfn.IFS(M66="","Incomplete",LEN(M66)<10,"Invalid",AND(LEN(M66) =10,LEFT(M66,4) <>"+91-"),"+91-"&M66,TRUE,M66)} -> +91-3019659265 | O66: 2020-03-25 | P66: Jun 30, 2025 | Q66: =IF(P66="","Missing",P66) -> Jun 30, 2025 | R66: {=_xlfn.IFS(OR(Q66="Missing",Q66="N/A",Q66="Still Employed"),Q66,ISNUMBER(SEARCH(",",Q66)),DATEVALUE(Q66),AND(ISNUMBER(SEARCH("-",Q66)),ISNUMBER(VALUE(LEFT(Q66,4)))),DATE(LEFT(Q66,4),MID(Q66,6,2),RIGHT(Q66,2)),ISNUMBER(SEARCH("-",Q66)),DATE(RIGHT(Q66,4),MID(Q66,4,2),LEFT(Q66,2)),ISNUMBER(SEARCH("/",Q66)),DATE(RIGHT(Q66,4),MID(Q66,4,2),LEFT(Q66,2)),TRUE,"Check Manually")} -> 45838 | S66: =IF(OR(R66="Missing",R66="N/A",R66="Still Employed"),DATEDIF(O66,TODAY(),"y") &" Years, " &DATEDIF(O66,TODAY(),"ym") & " Months, "&DATEDIF(O66,TODAY(),"md") &" Days",DATEDIF(O66,R66,"y") &" Years, " &DATEDIF(O66,R66,"ym") & " Months, "&DATEDIF(O66,R66,"md") &" Days") -> 5 Years, 3 Months, 5 Days | T66: =VALUE(LEFT(S66,FIND(" Years",S66)-1))*365.25 + VALUE(MID(S66,FIND(", ",S66)+2,FIND(" Months",S66)-FIND(", ",S66)-2))*30.44 + VALUE(MID(S66,FIND("Months, ",S66)+8,FIND(" Days",S66)-FIND("Months, ",S66)-8)) -> 1922.57 | U66: {=_xlfn.IFS(OR(R66="Missing",R66="N/A",R66="Still Employed"),"Unknown",ISNUMBER(R66),"Exited",TRUE,"Unknown")} -> Exited | V66: =IF(U66="Exited",YEAR(R66),"") -> 2025 | W66: =IF(OR(R66="Missing",R66="N/A",R66="Still Employed"),"Active","Exited") -> Exited | X66: 119922 | Y66: =TRIM(X66) -> 119922 | Z66: {=_xlfn.IFS(Y66="","0",LEFT(Y66,5)="",Y66,LEFT(Y66,1)="₹",REPLACE(Y66,1,1,""),LEFT(Y66,4)="Rs. ",REPLACE(Y66,1,4,""),TRUE,Y66)} -> 119922 | AA66: =SUBSTITUTE(Z66,",","") -> 119922 | AB66: Good | AC66: =IF(AB66="","Not Rated",AB66) -> Good | AD66: 18 | AE66: {=_xlfn.IFS(AD66="",0,AD66<0,"Negate Leave",AD66>=0,AD66)} -> 18
A67: 5269 | B67: Manish Pillai | C67: =IF(ISNUMBER(SEARCH(",",B67)), TRIM(MID(B67,FIND(",",B67)+1,LEN(B67))&" "&LEFT(B67,FIND(",",B67)-1)), B67) -> Manish Pillai | D67: =PROPER(TRIM(C67)) -> Manish Pillai | E67: Male | F67: Engineering | G67: D01 | H67: =_xlfn.XLOOKUP(G67,Lookup_Tables!$A$4:$A$9,Lookup_Tables!$C$4:$C$9,"Not Found",0) -> Ananya Sen | I67: Mumbai | J67: meenal.bhatt@company.com | K67: =IF(J67="","No Email ID",SUBSTITUTE(J67,"companycom","company.com")) -> meenal.bhatt@company.com | L67: 61304 45166 | M67: =SUBSTITUTE(L67," ","") -> 6130445166 | N67: {=_xlfn.IFS(M67="","Incomplete",LEN(M67)<10,"Invalid",AND(LEN(M67) =10,LEFT(M67,4) <>"+91-"),"+91-"&M67,TRUE,M67)} -> +91-6130445166 | O67: 2021-11-09 | Q67: =IF(P67="","Missing",P67) -> Missing | R67: {=_xlfn.IFS(OR(Q67="Missing",Q67="N/A",Q67="Still Employed"),Q67,ISNUMBER(SEARCH(",",Q67)),DATEVALUE(Q67),AND(ISNUMBER(SEARCH("-",Q67)),ISNUMBER(VALUE(LEFT(Q67,4)))),DATE(LEFT(Q67,4),MID(Q67,6,2),RIGHT(Q67,2)),ISNUMBER(SEARCH("-",Q67)),DATE(RIGHT(Q67,4),MID(Q67,4,2),LEFT(Q67,2)),ISNUMBER(SEARCH("/",Q67)),DATE(RIGHT(Q67,4),MID(Q67,4,2),LEFT(Q67,2)),TRUE,"Check Manually")} -> Missing | S67: =IF(OR(R67="Missing",R67="N/A",R67="Still Employed"),DATEDIF(O67,TODAY(),"y") &" Years, " &DATEDIF(O67,TODAY(),"ym") & " Months, "&DATEDIF(O67,TODAY(),"md") &" Days",DATEDIF(O67,R67,"y") &" Years, " &DATEDIF(O67,R67,"ym") & " Months, "&DATEDIF(O67,R67,"md") &" Days") -> 4 Years, 8 Months, 12 Days | T67: =VALUE(LEFT(S67,FIND(" Years",S67)-1))*365.25 + VALUE(MID(S67,FIND(", ",S67)+2,FIND(" Months",S67)-FIND(", ",S67)-2))*30.44 + VALUE(MID(S67,FIND("Months, ",S67)+8,FIND(" Days",S67)-FIND("Months, ",S67)-8)) -> 1716.52 | U67: {=_xlfn.IFS(OR(R67="Missing",R67="N/A",R67="Still Employed"),"Unknown",ISNUMBER(R67),"Exited",TRUE,"Unknown")} -> Unknown | V67: =IF(U67="Exited",YEAR(R67),"") | W67: =IF(OR(R67="Missing",R67="N/A",R67="Still Employed"),"Active","Exited") -> Active | X67: 121854 | Y67: =TRIM(X67) -> 121854 | Z67: {=_xlfn.IFS(Y67="","0",LEFT(Y67,5)="",Y67,LEFT(Y67,1)="₹",REPLACE(Y67,1,1,""),LEFT(Y67,4)="Rs. ",REPLACE(Y67,1,4,""),TRUE,Y67)} -> 121854 | AA67: =SUBSTITUTE(Z67,",","") -> 121854 | AB67: Average | AC67: =IF(AB67="","Not Rated",AB67) -> Average | AD67: 21 | AE67: {=_xlfn.IFS(AD67="",0,AD67<0,"Negate Leave",AD67>=0,AD67)} -> 21
A68: 5023 | B68: Meenal Bhatt | C68: =IF(ISNUMBER(SEARCH(",",B68)), TRIM(MID(B68,FIND(",",B68)+1,LEN(B68))&" "&LEFT(B68,FIND(",",B68)-1)), B68) -> Meenal Bhatt | D68: =PROPER(TRIM(C68)) -> Meenal Bhatt | E68: Female | F68: Sales | G68: D02 | H68: =_xlfn.XLOOKUP(G68,Lookup_Tables!$A$4:$A$9,Lookup_Tables!$C$4:$C$9,"Not Found",0) -> Rajiv Kapoor | I68: Mumbai | J68: varun.bose@company.com | K68: =IF(J68="","No Email ID",SUBSTITUTE(J68,"companycom","company.com")) -> varun.bose@company.com | L68: 8682889093 | M68: =SUBSTITUTE(L68," ","") -> 8682889093 | N68: {=_xlfn.IFS(M68="","Incomplete",LEN(M68)<10,"Invalid",AND(LEN(M68) =10,LEFT(M68,4) <>"+91-"),"+91-"&M68,TRUE,M68)} -> +91-8682889093 | O68: 2019-09-05 | P68: Still Employed | Q68: =IF(P68="","Missing",P68) -> Still Employed | R68: {=_xlfn.IFS(OR(Q68="Missing",Q68="N/A",Q68="Still Employed"),Q68,ISNUMBER(SEARCH(",",Q68)),DATEVALUE(Q68),AND(ISNUMBER(SEARCH("-",Q68)),ISNUMBER(VALUE(LEFT(Q68,4)))),DATE(LEFT(Q68,4),MID(Q68,6,2),RIGHT(Q68,2)),ISNUMBER(SEARCH("-",Q68)),DATE(RIGHT(Q68,4),MID(Q68,4,2),LEFT(Q68,2)),ISNUMBER(SEARCH("/",Q68)),DATE(RIGHT(Q68,4),MID(Q68,4,2),LEFT(Q68,2)),TRUE,"Check Manually")} -> Still Employed | S68: =IF(OR(R68="Missing",R68="N/A",R68="Still Employed"),DATEDIF(O68,TODAY(),"y") &" Years, " &DATEDIF(O68,TODAY(),"ym") & " Months, "&DATEDIF(O68,TODAY(),"md") &" Days",DATEDIF(O68,R68,"y") &" Years, " &DATEDIF(O68,R68,"ym") & " Months, "&DATEDIF(O68,R68,"md") &" Days") -> 6 Years, 10 Months, 16 Days | T68: =VALUE(LEFT(S68,FIND(" Years",S68)-1))*365.25 + VALUE(MID(S68,FIND(", ",S68)+2,FIND(" Months",S68)-FIND(", ",S68)-2))*30.44 + VALUE(MID(S68,FIND("Months, ",S68)+8,FIND(" Days",S68)-FIND("Months, ",S68)-8)) -> 2511.9 | U68: {=_xlfn.IFS(OR(R68="Missing",R68="N/A",R68="Still Employed"),"Unknown",ISNUMBER(R68),"Exited",TRUE,"Unknown")} -> Unknown | V68: =IF(U68="Exited",YEAR(R68),"") | W68: =IF(OR(R68="Missing",R68="N/A",R68="Still Employed"),"Active","Exited") -> Active | Y68: =TRIM(X68) | Z68: {=_xlfn.IFS(Y68="","0",LEFT(Y68,5)="",Y68,LEFT(Y68,1)="₹",REPLACE(Y68,1,1,""),LEFT(Y68,4)="Rs. ",REPLACE(Y68,1,4,""),TRUE,Y68)} -> 0 | AA68: =SUBSTITUTE(Z68,",","") -> 0 | AC68: =IF(AB68="","Not Rated",AB68) -> Not Rated | AD68: 0 | AE68: {=_xlfn.IFS(AD68="",0,AD68<0,"Negate Leave",AD68>=0,AD68)} -> 0
A69: 5019 | B69: Varun Bose | C69: =IF(ISNUMBER(SEARCH(",",B69)), TRIM(MID(B69,FIND(",",B69)+1,LEN(B69))&" "&LEFT(B69,FIND(",",B69)-1)), B69) -> Varun Bose | D69: =PROPER(TRIM(C69)) -> Varun Bose | E69: Male | F69: Finance | G69: D05 | H69: =_xlfn.XLOOKUP(G69,Lookup_Tables!$A$4:$A$9,Lookup_Tables!$C$4:$C$9,"Not Found",0) -> Leela Iyer | I69: Kolkata | J69: amit.rao@company.com | K69: =IF(J69="","No Email ID",SUBSTITUTE(J69,"companycom","company.com")) -> amit.rao@company.com | L69: +91-9063050093 | M69: =SUBSTITUTE(L69," ","") -> +91-9063050093 | N69: {=_xlfn.IFS(M69="","Incomplete",LEN(M69)<10,"Invalid",AND(LEN(M69) =10,LEFT(M69,4) <>"+91-"),"+91-"&M69,TRUE,M69)} -> +91-9063050093 | O69: 2022-05-25 | P69: N/A | Q69: =IF(P69="","Missing",P69) -> N/A | R69: {=_xlfn.IFS(OR(Q69="Missing",Q69="N/A",Q69="Still Employed"),Q69,ISNUMBER(SEARCH(",",Q69)),DATEVALUE(Q69),AND(ISNUMBER(SEARCH("-",Q69)),ISNUMBER(VALUE(LEFT(Q69,4)))),DATE(LEFT(Q69,4),MID(Q69,6,2),RIGHT(Q69,2)),ISNUMBER(SEARCH("-",Q69)),DATE(RIGHT(Q69,4),MID(Q69,4,2),LEFT(Q69,2)),ISNUMBER(SEARCH("/",Q69)),DATE(RIGHT(Q69,4),MID(Q69,4,2),LEFT(Q69,2)),TRUE,"Check Manually")} -> N/A | S69: =IF(OR(R69="Missing",R69="N/A",R69="Still Employed"),DATEDIF(O69,TODAY(),"y") &" Years, " &DATEDIF(O69,TODAY(),"ym") & " Months, "&DATEDIF(O69,TODAY(),"md") &" Days",DATEDIF(O69,R69,"y") &" Years, " &DATEDIF(O69,R69,"ym") & " Months, "&DATEDIF(O69,R69,"md") &" Days") -> 4 Years, 1 Months, 26 Days | T69: =VALUE(LEFT(S69,FIND(" Years",S69)-1))*365.25 + VALUE(MID(S69,FIND(", ",S69)+2,FIND(" Months",S69)-FIND(", ",S69)-2))*30.44 + VALUE(MID(S69,FIND("Months, ",S69)+8,FIND(" Days",S69)-FIND("Months, ",S69)-8)) -> 1517.44 | U69: {=_xlfn.IFS(OR(R69="Missing",R69="N/A",R69="Still Employed"),"Unknown",ISNUMBER(R69),"Exited",TRUE,"Unknown")} -> Unknown | V69: =IF(U69="Exited",YEAR(R69),"") | W69: =IF(OR(R69="Missing",R69="N/A",R69="Still Employed"),"Active","Exited") -> Active | X69: Rs. 85,238 | Y69: =TRIM(X69) -> Rs. 85,238 | Z69: {=_xlfn.IFS(Y69="","0",LEFT(Y69,5)="",Y69,LEFT(Y69,1)="₹",REPLACE(Y69,1,1,""),LEFT(Y69,4)="Rs. ",REPLACE(Y69,1,4,""),TRUE,Y69)} -> 85,238 | AA69: =SUBSTITUTE(Z69,",","") -> 85238 | AB69: Good | AC69: =IF(AB69="","Not Rated",AB69) -> Good | AD69: 25 | AE69: {=_xlfn.IFS(AD69="",0,AD69<0,"Negate Leave",AD69>=0,AD69)} -> 25
A70: 5105 | B70: Amit Rao | C70: =IF(ISNUMBER(SEARCH(",",B70)), TRIM(MID(B70,FIND(",",B70)+1,LEN(B70))&" "&LEFT(B70,FIND(",",B70)-1)), B70) -> Amit Rao | D70: =PROPER(TRIM(C70)) -> Amit Rao | E70: Male | F70: Engineering | G70: D01 | H70: =_xlfn.XLOOKUP(G70,Lookup_Tables!$A$4:$A$9,Lookup_Tables!$C$4:$C$9,"Not Found",0) -> Ananya Sen | I70: Hyderabad | J70: kavya.desai@company.com | K70: =IF(J70="","No Email ID",SUBSTITUTE(J70,"companycom","company.com")) -> kavya.desai@company.com | L70: 7700673992 | M70: =SUBSTITUTE(L70," ","") -> 7700673992 | N70: {=_xlfn.IFS(M70="","Incomplete",LEN(M70)<10,"Invalid",AND(LEN(M70) =10,LEFT(M70,4) <>"+91-"),"+91-"&M70,TRUE,M70)} -> +91-7700673992 | O70: 2020-09-24 | Q70: =IF(P70="","Missing",P70) -> Missing | R70: {=_xlfn.IFS(OR(Q70="Missing",Q70="N/A",Q70="Still Employed"),Q70,ISNUMBER(SEARCH(",",Q70)),DATEVALUE(Q70),AND(ISNUMBER(SEARCH("-",Q70)),ISNUMBER(VALUE(LEFT(Q70,4)))),DATE(LEFT(Q70,4),MID(Q70,6,2),RIGHT(Q70,2)),ISNUMBER(SEARCH("-",Q70)),DATE(RIGHT(Q70,4),MID(Q70,4,2),LEFT(Q70,2)),ISNUMBER(SEARCH("/",Q70)),DATE(RIGHT(Q70,4),MID(Q70,4,2),LEFT(Q70,2)),TRUE,"Check Manually")} -> Missing | S70: =IF(OR(R70="Missing",R70="N/A",R70="Still Employed"),DATEDIF(O70,TODAY(),"y") &" Years, " &DATEDIF(O70,TODAY(),"ym") & " Months, "&DATEDIF(O70,TODAY(),"md") &" Days",DATEDIF(O70,R70,"y") &" Years, " &DATEDIF(O70,R70,"ym") & " Months, "&DATEDIF(O70,R70,"md") &" Days") -> 5 Years, 9 Months, 27 Days | T70: =VALUE(LEFT(S70,FIND(" Years",S70)-1))*365.25 + VALUE(MID(S70,FIND(", ",S70)+2,FIND(" Months",S70)-FIND(", ",S70)-2))*30.44 + VALUE(MID(S70,FIND("Months, ",S70)+8,FIND(" Days",S70)-FIND("Months, ",S70)-8)) -> 2127.21 | U70: {=_xlfn.IFS(OR(R70="Missing",R70="N/A",R70="Still Employed"),"Unknown",ISNUMBER(R70),"Exited",TRUE,"Unknown")} -> Unknown | V70: =IF(U70="Exited",YEAR(R70),"") | W70: =IF(OR(R70="Missing",R70="N/A",R70="Still Employed"),"Active","Exited") -> Active | X70: 44951 | Y70: =TRIM(X70) -> 44951 | Z70: {=_xlfn.IFS(Y70="","0",LEFT(Y70,5)="",Y70,LEFT(Y70,1)="₹",REPLACE(Y70,1,1,""),LEFT(Y70,4)="Rs. ",REPLACE(Y70,1,4,""),TRUE,Y70)} -> 44951 | AA70: =SUBSTITUTE(Z70,",","") -> 44951 | AB70: Excellent | AC70: =IF(AB70="","Not Rated",AB70) -> Excellent | AD70: 2 | AE70: {=_xlfn.IFS(AD70="",0,AD70<0,"Negate Leave",AD70>=0,AD70)} -> 2
A71: 5214 | B71: Kavya Desai | C71: =IF(ISNUMBER(SEARCH(",",B71)), TRIM(MID(B71,FIND(",",B71)+1,LEN(B71))&" "&LEFT(B71,FIND(",",B71)-1)), B71) -> Kavya Desai | D71: =PROPER(TRIM(C71)) -> Kavya Desai | E71: Male | F71: Marketing | G71: D04 | H71: =_xlfn.XLOOKUP(G71,Lookup_Tables!$A$4:$A$9,Lookup_Tables!$C$4:$C$9,"Not Found",0) -> Vivek Malhotra | I71: Kolkata | J71: anita.pillai@company.com | K71: =IF(J71="","No Email ID",SUBSTITUTE(J71,"companycom","company.com")) -> anita.pillai@company.com | L71: 11637 26516 | M71: =SUBSTITUTE(L71," ","") -> 1163726516 | N71: {=_xlfn.IFS(M71="","Incomplete",LEN(M71)<10,"Invalid",AND(LEN(M71) =10,LEFT(M71,4) <>"+91-"),"+91-"&M71,TRUE,M71)} -> +91-1163726516 | O71: 2023-04-10 | Q71: =IF(P71="","Missing",P71) -> Missing | R71: {=_xlfn.IFS(OR(Q71="Missing",Q71="N/A",Q71="Still Employed"),Q71,ISNUMBER(SEARCH(",",Q71)),DATEVALUE(Q71),AND(ISNUMBER(SEARCH("-",Q71)),ISNUMBER(VALUE(LEFT(Q71,4)))),DATE(LEFT(Q71,4),MID(Q71,6,2),RIGHT(Q71,2)),ISNUMBER(SEARCH("-",Q71)),DATE(RIGHT(Q71,4),MID(Q71,4,2),LEFT(Q71,2)),ISNUMBER(SEARCH("/",Q71)),DATE(RIGHT(Q71,4),MID(Q71,4,2),LEFT(Q71,2)),TRUE,"Check Manually")} -> Missing | S71: =IF(OR(R71="Missing",R71="N/A",R71="Still Employed"),DATEDIF(O71,TODAY(),"y") &" Years, " &DATEDIF(O71,TODAY(),"ym") & " Months, "&DATEDIF(O71,TODAY(),"md") &" Days",DATEDIF(O71,R71,"y") &" Years, " &DATEDIF(O71,R71,"ym") & " Months, "&DATEDIF(O71,R71,"md") &" Days") -> 3 Years, 3 Months, 11 Days | T71: =VALUE(LEFT(S71,FIND(" Years",S71)-1))*365.25 + VALUE(MID(S71,FIND(", ",S71)+2,FIND(" Months",S71)-FIND(", ",S71)-2))*30.44 + VALUE(MID(S71,FIND("Months, ",S71)+8,FIND(" Days",S71)-FIND("Months, ",S71)-8)) -> 1198.07 | U71: {=_xlfn.IFS(OR(R71="Missing",R71="N/A",R71="Still Employed"),"Unknown",ISNUMBER(R71),"Exited",TRUE,"Unknown")} -> Unknown | V71: =IF(U71="Exited",YEAR(R71),"") | W71: =IF(OR(R71="Missing",R71="N/A",R71="Still Employed"),"Active","Exited") -> Active | X71: Rs. 35,500 | Y71: =TRIM(X71) -> Rs. 35,500 | Z71: {=_xlfn.IFS(Y71="","0",LEFT(Y71,5)="",Y71,LEFT(Y71,1)="₹",REPLACE(Y71,1,1,""),LEFT(Y71,4)="Rs. ",REPLACE(Y71,1,4,""),TRUE,Y71)} -> 35,500 | AA71: =SUBSTITUTE(Z71,",","") -> 35500 | AB71: Poor | AC71: =IF(AB71="","Not Rated",AB71) -> Poor | AD71: 2 | AE71: {=_xlfn.IFS(AD71="",0,AD71<0,"Negate Leave",AD71>=0,AD71)} -> 2
A72: 5009 | B72: Pillai, Anita | C72: =IF(ISNUMBER(SEARCH(",",B72)), TRIM(MID(B72,FIND(",",B72)+1,LEN(B72))&" "&LEFT(B72,FIND(",",B72)-1)), B72) -> Anita Pillai | D72: =PROPER(TRIM(C72)) -> Anita Pillai | E72: Female | F72: Sales | G72: D02 | H72: =_xlfn.XLOOKUP(G72,Lookup_Tables!$A$4:$A$9,Lookup_Tables!$C$4:$C$9,"Not Found",0) -> Rajiv Kapoor | I72: Ahmedabad | J72: aarav.chopra@company.com | K72: =IF(J72="","No Email ID",SUBSTITUTE(J72,"companycom","company.com")) -> aarav.chopra@company.com | M72: =SUBSTITUTE(L72," ","") | N72: {=_xlfn.IFS(M72="","Incomplete",LEN(M72)<10,"Invalid",AND(LEN(M72) =10,LEFT(M72,4) <>"+91-"),"+91-"&M72,TRUE,M72)} -> Incomplete | O72: 2023-12-08 | Q72: =IF(P72="","Missing",P72) -> Missing | R72: {=_xlfn.IFS(OR(Q72="Missing",Q72="N/A",Q72="Still Employed"),Q72,ISNUMBER(SEARCH(",",Q72)),DATEVALUE(Q72),AND(ISNUMBER(SEARCH("-",Q72)),ISNUMBER(VALUE(LEFT(Q72,4)))),DATE(LEFT(Q72,4),MID(Q72,6,2),RIGHT(Q72,2)),ISNUMBER(SEARCH("-",Q72)),DATE(RIGHT(Q72,4),MID(Q72,4,2),LEFT(Q72,2)),ISNUMBER(SEARCH("/",Q72)),DATE(RIGHT(Q72,4),MID(Q72,4,2),LEFT(Q72,2)),TRUE,"Check Manually")} -> Missing | S72: =IF(OR(R72="Missing",R72="N/A",R72="Still Employed"),DATEDIF(O72,TODAY(),"y") &" Years, " &DATEDIF(O72,TODAY(),"ym") & " Months, "&DATEDIF(O72,TODAY(),"md") &" Days",DATEDIF(O72,R72,"y") &" Years, " &DATEDIF(O72,R72,"ym") & " Months, "&DATEDIF(O72,R72,"md") &" Days") -> 2 Years, 7 Months, 13 Days | T72: =VALUE(LEFT(S72,FIND(" Years",S72)-1))*365.25 + VALUE(MID(S72,FIND(", ",S72)+2,FIND(" Months",S72)-FIND(", ",S72)-2))*30.44 + VALUE(MID(S72,FIND("Months, ",S72)+8,FIND(" Days",S72)-FIND("Months, ",S72)-8)) -> 956.58 | U72: {=_xlfn.IFS(OR(R72="Missing",R72="N/A",R72="Still Employed"),"Unknown",ISNUMBER(R72),"Exited",TRUE,"Unknown")} -> Unknown | V72: =IF(U72="Exited",YEAR(R72),"") | W72: =IF(OR(R72="Missing",R72="N/A",R72="Still Employed"),"Active","Exited") -> Active | X72: 53364 | Y72: =TRIM(X72) -> 53364 | Z72: {=_xlfn.IFS(Y72="","0",LEFT(Y72,5)="",Y72,LEFT(Y72,1)="₹",REPLACE(Y72,1,1,""),LEFT(Y72,4)="Rs. ",REPLACE(Y72,1,4,""),TRUE,Y72)} -> 53364 | AA72: =SUBSTITUTE(Z72,",","") -> 53364 | AB72: Below Average | AC72: =IF(AB72="","Not Rated",AB72) -> Below Average | AD72: 5 | AE72: {=_xlfn.IFS(AD72="",0,AD72<0,"Negate Leave",AD72>=0,AD72)} -> 5
A73: 5177 | B73: Chopra, Aarav | C73: =IF(ISNUMBER(SEARCH(",",B73)), TRIM(MID(B73,FIND(",",B73)+1,LEN(B73))&" "&LEFT(B73,FIND(",",B73)-1)), B73) -> Aarav Chopra | D73: =PROPER(TRIM(C73)) -> Aarav Chopra | E73: Female | F73: Finance | G73: D05 | H73: =_xlfn.XLOOKUP(G73,Lookup_Tables!$A$4:$A$9,Lookup_Tables!$C$4:$C$9,"Not Found",0) -> Leela Iyer | I73: Hyderabad | K73: =IF(J73="","No Email ID",SUBSTITUTE(J73,"companycom","company.com")) -> No Email ID | L73: 5998920813 | M73: =SUBSTITUTE(L73," ","") -> 5998920813 | N73: {=_xlfn.IFS(M73="","Incomplete",LEN(M73)<10,"Invalid",AND(LEN(M73) =10,LEFT(M73,4) <>"+91-"),"+91-"&M73,TRUE,M73)} -> +91-5998920813 | O73: 2019-08-21 | Q73: =IF(P73="","Missing",P73) -> Missing | R73: {=_xlfn.IFS(OR(Q73="Missing",Q73="N/A",Q73="Still Employed"),Q73,ISNUMBER(SEARCH(",",Q73)),DATEVALUE(Q73),AND(ISNUMBER(SEARCH("-",Q73)),ISNUMBER(VALUE(LEFT(Q73,4)))),DATE(LEFT(Q73,4),MID(Q73,6,2),RIGHT(Q73,2)),ISNUMBER(SEARCH("-",Q73)),DATE(RIGHT(Q73,4),MID(Q73,4,2),LEFT(Q73,2)),ISNUMBER(SEARCH("/",Q73)),DATE(RIGHT(Q73,4),MID(Q73,4,2),LEFT(Q73,2)),TRUE,"Check Manually")} -> Missing | S73: =IF(OR(R73="Missing",R73="N/A",R73="Still Employed"),DATEDIF(O73,TODAY(),"y") &" Years, " &DATEDIF(O73,TODAY(),"ym") & " Months, "&DATEDIF(O73,TODAY(),"md") &" Days",DATEDIF(O73,R73,"y") &" Years, " &DATEDIF(O73,R73,"ym") & " Months, "&DATEDIF(O73,R73,"md") &" Days") -> 6 Years, 11 Months, 0 Days | T73: =VALUE(LEFT(S73,FIND(" Years",S73)-1))*365.25 + VALUE(MID(S73,FIND(", ",S73)+2,FIND(" Months",S73)-FIND(", ",S73)-2))*30.44 + VALUE(MID(S73,FIND("Months, ",S73)+8,FIND(" Days",S73)-FIND("Months, ",S73)-8)) -> 2526.34 | U73: {=_xlfn.IFS(OR(R73="Missing",R73="N/A",R73="Still Employed"),"Unknown",ISNUMBER(R73),"Exited",TRUE,"Unknown")} -> Unknown | V73: =IF(U73="Exited",YEAR(R73),"") | W73: =IF(OR(R73="Missing",R73="N/A",R73="Still Employed"),"Active","Exited") -> Active | X73: 135776 | Y73: =TRIM(X73) -> 135776 | Z73: {=_xlfn.IFS(Y73="","0",LEFT(Y73,5)="",Y73,LEFT(Y73,1)="₹",REPLACE(Y73,1,1,""),LEFT(Y73,4)="Rs. ",REPLACE(Y73,1,4,""),TRUE,Y73)} -> 135776 | AA73: =SUBSTITUTE(Z73,",","") -> 135776 | AB73: Poor | AC73: =IF(AB73="","Not Rated",AB73) -> Poor | AD73: 6 | AE73: {=_xlfn.IFS(AD73="",0,AD73<0,"Negate Leave",AD73>=0,AD73)} -> 6
A74: 5109 | B74: Reddy, Sanjay | C74: =IF(ISNUMBER(SEARCH(",",B74)), TRIM(MID(B74,FIND(",",B74)+1,LEN(B74))&" "&LEFT(B74,FIND(",",B74)-1)), B74) -> Sanjay Reddy | D74: =PROPER(TRIM(C74)) -> Sanjay Reddy | E74: Female | F74: HR | G74: D03 | H74: =_xlfn.XLOOKUP(G74,Lookup_Tables!$A$4:$A$9,Lookup_Tables!$C$4:$C$9,"Not Found",0) -> Sunita Rao | I74: Chennai | J74: varun.reddy@company.com | K74: =IF(J74="","No Email ID",SUBSTITUTE(J74,"companycom","company.com")) -> varun.reddy@company.com | L74: 27480798 | M74: =SUBSTITUTE(L74," ","") -> 27480798 | N74: {=_xlfn.IFS(M74="","Incomplete",LEN(M74)<10,"Invalid",AND(LEN(M74) =10,LEFT(M74,4) <>"+91-"),"+91-"&M74,TRUE,M74)} -> Invalid | O74: 2022-01-13 | P74: Still Employed | Q74: =IF(P74="","Missing",P74) -> Still Employed | R74: {=_xlfn.IFS(OR(Q74="Missing",Q74="N/A",Q74="Still Employed"),Q74,ISNUMBER(SEARCH(",",Q74)),DATEVALUE(Q74),AND(ISNUMBER(SEARCH("-",Q74)),ISNUMBER(VALUE(LEFT(Q74,4)))),DATE(LEFT(Q74,4),MID(Q74,6,2),RIGHT(Q74,2)),ISNUMBER(SEARCH("-",Q74)),DATE(RIGHT(Q74,4),MID(Q74,4,2),LEFT(Q74,2)),ISNUMBER(SEARCH("/",Q74)),DATE(RIGHT(Q74,4),MID(Q74,4,2),LEFT(Q74,2)),TRUE,"Check Manually")} -> Still Employed | S74: =IF(OR(R74="Missing",R74="N/A",R74="Still Employed"),DATEDIF(O74,TODAY(),"y") &" Years, " &DATEDIF(O74,TODAY(),"ym") & " Months, "&DATEDIF(O74,TODAY(),"md") &" Days",DATEDIF(O74,R74,"y") &" Years, " &DATEDIF(O74,R74,"ym") & " Months, "&DATEDIF(O74,R74,"md") &" Days") -> 4 Years, 6 Months, 8 Days | T74: =VALUE(LEFT(S74,FIND(" Years",S74)-1))*365.25 + VALUE(MID(S74,FIND(", ",S74)+2,FIND(" Months",S74)-FIND(", ",S74)-2))*30.44 + VALUE(MID(S74,FIND("Months, ",S74)+8,FIND(" Days",S74)-FIND("Months, ",S74)-8)) -> 1651.64 | U74: {=_xlfn.IFS(OR(R74="Missing",R74="N/A",R74="Still Employed"),"Unknown",ISNUMBER(R74),"Exited",TRUE,"Unknown")} -> Unknown | V74: =IF(U74="Exited",YEAR(R74),"") | W74: =IF(OR(R74="Missing",R74="N/A",R74="Still Employed"),"Active","Exited") -> Active | Y74: =TRIM(X74) | Z74: {=_xlfn.IFS(Y74="","0",LEFT(Y74,5)="",Y74,LEFT(Y74,1)="₹",REPLACE(Y74,1,1,""),LEFT(Y74,4)="Rs. ",REPLACE(Y74,1,4,""),TRUE,Y74)} -> 0 | AA74: =SUBSTITUTE(Z74,",","") -> 0 | AB74: Poor | AC74: =IF(AB74="","Not Rated",AB74) -> Poor | AD74: 6 | AE74: {=_xlfn.IFS(AD74="",0,AD74<0,"Negate Leave",AD74>=0,AD74)} -> 6
A75: 5164 | B75: Naidu, Shreya | C75: =IF(ISNUMBER(SEARCH(",",B75)), TRIM(MID(B75,FIND(",",B75)+1,LEN(B75))&" "&LEFT(B75,FIND(",",B75)-1)), B75) -> Shreya Naidu | D75: =PROPER(TRIM(C75)) -> Shreya Naidu | E75: Male | F75: HR | G75: D03 | H75: =_xlfn.XLOOKUP(G75,Lookup_Tables!$A$4:$A$9,Lookup_Tables!$C$4:$C$9,"Not Found",0) -> Sunita Rao | I75: Pune | J75: sneha.kulkarni@company.com | K75: =IF(J75="","No Email ID",SUBSTITUTE(J75,"companycom","company.com")) -> sneha.kulkarni@company.com | L75: 6537400165 | M75: =SUBSTITUTE(L75," ","") -> 6537400165 | N75: {=_xlfn.IFS(M75="","Incomplete",LEN(M75)<10,"Invalid",AND(LEN(M75) =10,LEFT(M75,4) <>"+91-"),"+91-"&M75,TRUE,M75)} -> +91-6537400165 | O75: 2021-03-14 | P75: N/A | Q75: =IF(P75="","Missing",P75) -> N/A | R75: {=_xlfn.IFS(OR(Q75="Missing",Q75="N/A",Q75="Still Employed"),Q75,ISNUMBER(SEARCH(",",Q75)),DATEVALUE(Q75),AND(ISNUMBER(SEARCH("-",Q75)),ISNUMBER(VALUE(LEFT(Q75,4)))),DATE(LEFT(Q75,4),MID(Q75,6,2),RIGHT(Q75,2)),ISNUMBER(SEARCH("-",Q75)),DATE(RIGHT(Q75,4),MID(Q75,4,2),LEFT(Q75,2)),ISNUMBER(SEARCH("/",Q75)),DATE(RIGHT(Q75,4),MID(Q75,4,2),LEFT(Q75,2)),TRUE,"Check Manually")} -> N/A | S75: =IF(OR(R75="Missing",R75="N/A",R75="Still Employed"),DATEDIF(O75,TODAY(),"y") &" Years, " &DATEDIF(O75,TODAY(),"ym") & " Months, "&DATEDIF(O75,TODAY(),"md") &" Days",DATEDIF(O75,R75,"y") &" Years, " &DATEDIF(O75,R75,"ym") & " Months, "&DATEDIF(O75,R75,"md") &" Days") -> 5 Years, 4 Months, 7 Days | T75: =VALUE(LEFT(S75,FIND(" Years",S75)-1))*365.25 + VALUE(MID(S75,FIND(", ",S75)+2,FIND(" Months",S75)-FIND(", ",S75)-2))*30.44 + VALUE(MID(S75,FIND("Months, ",S75)+8,FIND(" Days",S75)-FIND("Months, ",S75)-8)) -> 1955.01 | U75: {=_xlfn.IFS(OR(R75="Missing",R75="N/A",R75="Still Employed"),"Unknown",ISNUMBER(R75),"Exited",TRUE,"Unknown")} -> Unknown | V75: =IF(U75="Exited",YEAR(R75),"") | W75: =IF(OR(R75="Missing",R75="N/A",R75="Still Employed"),"Active","Exited") -> Active | X75: ₹42,887 | Y75: =TRIM(X75) -> ₹42,887 | Z75: {=_xlfn.IFS(Y75="","0",LEFT(Y75,5)="",Y75,LEFT(Y75,1)="₹",REPLACE(Y75,1,1,""),LEFT(Y75,4)="Rs. ",REPLACE(Y75,1,4,""),TRUE,Y75)} -> 42,887 | AA75: =SUBSTITUTE(Z75,",","") -> 42887 | AC75: =IF(AB75="","Not Rated",AB75) -> Not Rated | AD75: 0 | AE75: {=_xlfn.IFS(AD75="",0,AD75<0,"Negate Leave",AD75>=0,AD75)} -> 0
A76: 5163 | B76: Sneha Kulkarni | C76: =IF(ISNUMBER(SEARCH(",",B76)), TRIM(MID(B76,FIND(",",B76)+1,LEN(B76))&" "&LEFT(B76,FIND(",",B76)-1)), B76) -> Sneha Kulkarni | D76: =PROPER(TRIM(C76)) -> Sneha Kulkarni | E76: Female | F76: HR | G76: D03 | H76: =_xlfn.XLOOKUP(G76,Lookup_Tables!$A$4:$A$9,Lookup_Tables!$C$4:$C$9,"Not Found",0) -> Sunita Rao | I76: Ahmedabad | J76: pooja.shah@company.com | K76: =IF(J76="","No Email ID",SUBSTITUTE(J76,"companycom","company.com")) -> pooja.shah@company.com | L76: 16957 22008 | M76: =SUBSTITUTE(L76," ","") -> 1695722008 | N76: {=_xlfn.IFS(M76="","Incomplete",LEN(M76)<10,"Invalid",AND(LEN(M76) =10,LEFT(M76,4) <>"+91-"),"+91-"&M76,TRUE,M76)} -> +91-1695722008 | O76: 2022-05-20 | Q76: =IF(P76="","Missing",P76) -> Missing | R76: {=_xlfn.IFS(OR(Q76="Missing",Q76="N/A",Q76="Still Employed"),Q76,ISNUMBER(SEARCH(",",Q76)),DATEVALUE(Q76),AND(ISNUMBER(SEARCH("-",Q76)),ISNUMBER(VALUE(LEFT(Q76,4)))),DATE(LEFT(Q76,4),MID(Q76,6,2),RIGHT(Q76,2)),ISNUMBER(SEARCH("-",Q76)),DATE(RIGHT(Q76,4),MID(Q76,4,2),LEFT(Q76,2)),ISNUMBER(SEARCH("/",Q76)),DATE(RIGHT(Q76,4),MID(Q76,4,2),LEFT(Q76,2)),TRUE,"Check Manually")} -> Missing | S76: =IF(OR(R76="Missing",R76="N/A",R76="Still Employed"),DATEDIF(O76,TODAY(),"y") &" Years, " &DATEDIF(O76,TODAY(),"ym") & " Months, "&DATEDIF(O76,TODAY(),"md") &" Days",DATEDIF(O76,R76,"y") &" Years, " &DATEDIF(O76,R76,"ym") & " Months, "&DATEDIF(O76,R76,"md") &" Days") -> 4 Years, 2 Months, 1 Days | T76: =VALUE(LEFT(S76,FIND(" Years",S76)-1))*365.25 + VALUE(MID(S76,FIND(", ",S76)+2,FIND(" Months",S76)-FIND(", ",S76)-2))*30.44 + VALUE(MID(S76,FIND("Months, ",S76)+8,FIND(" Days",S76)-FIND("Months, ",S76)-8)) -> 1522.88 | U76: {=_xlfn.IFS(OR(R76="Missing",R76="N/A",R76="Still Employed"),"Unknown",ISNUMBER(R76),"Exited",TRUE,"Unknown")} -> Unknown | V76: =IF(U76="Exited",YEAR(R76),"") | W76: =IF(OR(R76="Missing",R76="N/A",R76="Still Employed"),"Active","Exited") -> Active | Y76: =TRIM(X76) | Z76: {=_xlfn.IFS(Y76="","0",LEFT(Y76,5)="",Y76,LEFT(Y76,1)="₹",REPLACE(Y76,1,1,""),LEFT(Y76,4)="Rs. ",REPLACE(Y76,1,4,""),TRUE,Y76)} -> 0 | AA76: =SUBSTITUTE(Z76,",","") -> 0 | AB76: Good | AC76: =IF(AB76="","Not Rated",AB76) -> Good | AD76: 16 | AE76: {=_xlfn.IFS(AD76="",0,AD76<0,"Negate Leave",AD76>=0,AD76)} -> 16
A77: 5038 | B77: Pooja Shah | C77: =IF(ISNUMBER(SEARCH(",",B77)), TRIM(MID(B77,FIND(",",B77)+1,LEN(B77))&" "&LEFT(B77,FIND(",",B77)-1)), B77) -> Pooja Shah | D77: =PROPER(TRIM(C77)) -> Pooja Shah | E77: Female | F77: Sales | G77: D02 | H77: =_xlfn.XLOOKUP(G77,Lookup_Tables!$A$4:$A$9,Lookup_Tables!$C$4:$C$9,"Not Found",0) -> Rajiv Kapoor | I77: Pune | J77: rahul.mehta@company.com | K77: =IF(J77="","No Email ID",SUBSTITUTE(J77,"companycom","company.com")) -> rahul.mehta@company.com | L77: 87838483 | M77: =SUBSTITUTE(L77," ","") -> 87838483 | N77: {=_xlfn.IFS(M77="","Incomplete",LEN(M77)<10,"Invalid",AND(LEN(M77) =10,LEFT(M77,4) <>"+91-"),"+91-"&M77,TRUE,M77)} -> Invalid | O77: 2018-09-17 | P77: Still Employed | Q77: =IF(P77="","Missing",P77) -> Still Employed | R77: {=_xlfn.IFS(OR(Q77="Missing",Q77="N/A",Q77="Still Employed"),Q77,ISNUMBER(SEARCH(",",Q77)),DATEVALUE(Q77),AND(ISNUMBER(SEARCH("-",Q77)),ISNUMBER(VALUE(LEFT(Q77,4)))),DATE(LEFT(Q77,4),MID(Q77,6,2),RIGHT(Q77,2)),ISNUMBER(SEARCH("-",Q77)),DATE(RIGHT(Q77,4),MID(Q77,4,2),LEFT(Q77,2)),ISNUMBER(SEARCH("/",Q77)),DATE(RIGHT(Q77,4),MID(Q77,4,2),LEFT(Q77,2)),TRUE,"Check Manually")} -> Still Employed | S77: =IF(OR(R77="Missing",R77="N/A",R77="Still Employed"),DATEDIF(O77,TODAY(),"y") &" Years, " &DATEDIF(O77,TODAY(),"ym") & " Months, "&DATEDIF(O77,TODAY(),"md") &" Days",DATEDIF(O77,R77,"y") &" Years, " &DATEDIF(O77,R77,"ym") & " Months, "&DATEDIF(O77,R77,"md") &" Days") -> 7 Years, 10 Months, 4 Days | T77: =VALUE(LEFT(S77,FIND(" Years",S77)-1))*365.25 + VALUE(MID(S77,FIND(", ",S77)+2,FIND(" Months",S77)-FIND(", ",S77)-2))*30.44 + VALUE(MID(S77,FIND("Months, ",S77)+8,FIND(" Days",S77)-FIND("Months, ",S77)-8)) -> 2865.15 | U77: {=_xlfn.IFS(OR(R77="Missing",R77="N/A",R77="Still Employed"),"Unknown",ISNUMBER(R77),"Exited",TRUE,"Unknown")} -> Unknown | V77: =IF(U77="Exited",YEAR(R77),"") | W77: =IF(OR(R77="Missing",R77="N/A",R77="Still Employed"),"Active","Exited") -> Active | X77: Rs. 167,527 | Y77: =TRIM(X77) -> Rs. 167,527 | Z77: {=_xlfn.IFS(Y77="","0",LEFT(Y77,5)="",Y77,LEFT(Y77,1)="₹",REPLACE(Y77,1,1,""),LEFT(Y77,4)="Rs. ",REPLACE(Y77,1,4,""),TRUE,Y77)} -> 167,527 | AA77: =SUBSTITUTE(Z77,",","") -> 167527 | AB77: Average | AC77: =IF(AB77="","Not Rated",AB77) -> Average | AD77: 4 | AE77: {=_xlfn.IFS(AD77="",0,AD77<0,"Negate Leave",AD77>=0,AD77)} -> 4
A78: 5012 | B78: Rahul Mehta | C78: =IF(ISNUMBER(SEARCH(",",B78)), TRIM(MID(B78,FIND(",",B78)+1,LEN(B78))&" "&LEFT(B78,FIND(",",B78)-1)), B78) -> Rahul Mehta | D78: =PROPER(TRIM(C78)) -> Rahul Mehta | E78: female | F78: Sales | G78: D02 | H78: =_xlfn.XLOOKUP(G78,Lookup_Tables!$A$4:$A$9,Lookup_Tables!$C$4:$C$9,"Not Found",0) -> Rajiv Kapoor | I78: Bengaluru | J78: sanjay.shah@company.com | K78: =IF(J78="","No Email ID",SUBSTITUTE(J78,"companycom","company.com")) -> sanjay.shah@company.com | L78: 79647 00595 | M78: =SUBSTITUTE(L78," ","") -> 7964700595 | N78: {=_xlfn.IFS(M78="","Incomplete",LEN(M78)<10,"Invalid",AND(LEN(M78) =10,LEFT(M78,4) <>"+91-"),"+91-"&M78,TRUE,M78)} -> +91-7964700595 | O78: 2019-12-16 | Q78: =IF(P78="","Missing",P78) -> Missing | R78: {=_xlfn.IFS(OR(Q78="Missing",Q78="N/A",Q78="Still Employed"),Q78,ISNUMBER(SEARCH(",",Q78)),DATEVALUE(Q78),AND(ISNUMBER(SEARCH("-",Q78)),ISNUMBER(VALUE(LEFT(Q78,4)))),DATE(LEFT(Q78,4),MID(Q78,6,2),RIGHT(Q78,2)),ISNUMBER(SEARCH("-",Q78)),DATE(RIGHT(Q78,4),MID(Q78,4,2),LEFT(Q78,2)),ISNUMBER(SEARCH("/",Q78)),DATE(RIGHT(Q78,4),MID(Q78,4,2),LEFT(Q78,2)),TRUE,"Check Manually")} -> Missing | S78: =IF(OR(R78="Missing",R78="N/A",R78="Still Employed"),DATEDIF(O78,TODAY(),"y") &" Years, " &DATEDIF(O78,TODAY(),"ym") & " Months, "&DATEDIF(O78,TODAY(),"md") &" Days",DATEDIF(O78,R78,"y") &" Years, " &DATEDIF(O78,R78,"ym") & " Months, "&DATEDIF(O78,R78,"md") &" Days") -> 6 Years, 7 Months, 5 Days | T78: =VALUE(LEFT(S78,FIND(" Years",S78)-1))*365.25 + VALUE(MID(S78,FIND(", ",S78)+2,FIND(" Months",S78)-FIND(", ",S78)-2))*30.44 + VALUE(MID(S78,FIND("Months, ",S78)+8,FIND(" Days",S78)-FIND("Months, ",S78)-8)) -> 2409.58 | U78: {=_xlfn.IFS(OR(R78="Missing",R78="N/A",R78="Still Employed"),"Unknown",ISNUMBER(R78),"Exited",TRUE,"Unknown")} -> Unknown | V78: =IF(U78="Exited",YEAR(R78),"") | W78: =IF(OR(R78="Missing",R78="N/A",R78="Still Employed"),"Active","Exited") -> Active | Y78: =TRIM(X78) | Z78: {=_xlfn.IFS(Y78="","0",LEFT(Y78,5)="",Y78,LEFT(Y78,1)="₹",REPLACE(Y78,1,1,""),LEFT(Y78,4)="Rs. ",REPLACE(Y78,1,4,""),TRUE,Y78)} -> 0 | AA78: =SUBSTITUTE(Z78,",","") -> 0 | AB78: Average | AC78: =IF(AB78="","Not Rated",AB78) -> Average | AD78: -3 | AE78: {=_xlfn.IFS(AD78="",0,AD78<0,"Negate Leave",AD78>=0,AD78)} -> Negate Leave
A79: 5113 | B79: Sanjay Shah | C79: =IF(ISNUMBER(SEARCH(",",B79)), TRIM(MID(B79,FIND(",",B79)+1,LEN(B79))&" "&LEFT(B79,FIND(",",B79)-1)), B79) -> Sanjay Shah | D79: =PROPER(TRIM(C79)) -> Sanjay Shah | E79: Male | F79: Finance | G79: D05 | H79: =_xlfn.XLOOKUP(G79,Lookup_Tables!$A$4:$A$9,Lookup_Tables!$C$4:$C$9,"Not Found",0) -> Leela Iyer | I79: Kolkata | K79: =IF(J79="","No Email ID",SUBSTITUTE(J79,"companycom","company.com")) -> No Email ID | L79: 50117 08617 | M79: =SUBSTITUTE(L79," ","") -> 5011708617 | N79: {=_xlfn.IFS(M79="","Incomplete",LEN(M79)<10,"Invalid",AND(LEN(M79) =10,LEFT(M79,4) <>"+91-"),"+91-"&M79,TRUE,M79)} -> +91-5011708617 | O79: 2021-07-04 | P79: N/A | Q79: =IF(P79="","Missing",P79) -> N/A | R79: {=_xlfn.IFS(OR(Q79="Missing",Q79="N/A",Q79="Still Employed"),Q79,ISNUMBER(SEARCH(",",Q79)),DATEVALUE(Q79),AND(ISNUMBER(SEARCH("-",Q79)),ISNUMBER(VALUE(LEFT(Q79,4)))),DATE(LEFT(Q79,4),MID(Q79,6,2),RIGHT(Q79,2)),ISNUMBER(SEARCH("-",Q79)),DATE(RIGHT(Q79,4),MID(Q79,4,2),LEFT(Q79,2)),ISNUMBER(SEARCH("/",Q79)),DATE(RIGHT(Q79,4),MID(Q79,4,2),LEFT(Q79,2)),TRUE,"Check Manually")} -> N/A | S79: =IF(OR(R79="Missing",R79="N/A",R79="Still Employed"),DATEDIF(O79,TODAY(),"y") &" Years, " &DATEDIF(O79,TODAY(),"ym") & " Months, "&DATEDIF(O79,TODAY(),"md") &" Days",DATEDIF(O79,R79,"y") &" Years, " &DATEDIF(O79,R79,"ym") & " Months, "&DATEDIF(O79,R79,"md") &" Days") -> 5 Years, 0 Months, 17 Days | T79: =VALUE(LEFT(S79,FIND(" Years",S79)-1))*365.25 + VALUE(MID(S79,FIND(", ",S79)+2,FIND(" Months",S79)-FIND(", ",S79)-2))*30.44 + VALUE(MID(S79,FIND("Months, ",S79)+8,FIND(" Days",S79)-FIND("Months, ",S79)-8)) -> 1843.25 | U79: {=_xlfn.IFS(OR(R79="Missing",R79="N/A",R79="Still Employed"),"Unknown",ISNUMBER(R79),"Exited",TRUE,"Unknown")} -> Unknown | V79: =IF(U79="Exited",YEAR(R79),"") | W79: =IF(OR(R79="Missing",R79="N/A",R79="Still Employed"),"Active","Exited") -> Active | X79: 174475 | Y79: =TRIM(X79) -> 174475 | Z79: {=_xlfn.IFS(Y79="","0",LEFT(Y79,5)="",Y79,LEFT(Y79,1)="₹",REPLACE(Y79,1,1,""),LEFT(Y79,4)="Rs. ",REPLACE(Y79,1,4,""),TRUE,Y79)} -> 174475 | AA79: =SUBSTITUTE(Z79,",","") -> 174475 | AB79: Poor | AC79: =IF(AB79="","Not Rated",AB79) -> Poor | AD79: 9 | AE79: {=_xlfn.IFS(AD79="",0,AD79<0,"Negate Leave",AD79>=0,AD79)} -> 9
A80: 5286 | B80: rajesh verma | C80: =IF(ISNUMBER(SEARCH(",",B80)), TRIM(MID(B80,FIND(",",B80)+1,LEN(B80))&" "&LEFT(B80,FIND(",",B80)-1)), B80) -> rajesh verma | D80: =PROPER(TRIM(C80)) -> Rajesh Verma | E80: female | F80: Engineering | G80: D01 | H80: =_xlfn.XLOOKUP(G80,Lookup_Tables!$A$4:$A$9,Lookup_Tables!$C$4:$C$9,"Not Found",0) -> Ananya Sen | I80: Delhi | J80: anita.kapoor@company.com | K80: =IF(J80="","No Email ID",SUBSTITUTE(J80,"companycom","company.com")) -> anita.kapoor@company.com | L80: +91-5365629799 | M80: =SUBSTITUTE(L80," ","") -> +91-5365629799 | N80: {=_xlfn.IFS(M80="","Incomplete",LEN(M80)<10,"Invalid",AND(LEN(M80) =10,LEFT(M80,4) <>"+91-"),"+91-"&M80,TRUE,M80)} -> +91-5365629799 | O80: 2022-08-16 | P80: N/A | Q80: =IF(P80="","Missing",P80) -> N/A | R80: {=_xlfn.IFS(OR(Q80="Missing",Q80="N/A",Q80="Still Employed"),Q80,ISNUMBER(SEARCH(",",Q80)),DATEVALUE(Q80),AND(ISNUMBER(SEARCH("-",Q80)),ISNUMBER(VALUE(LEFT(Q80,4)))),DATE(LEFT(Q80,4),MID(Q80,6,2),RIGHT(Q80,2)),ISNUMBER(SEARCH("-",Q80)),DATE(RIGHT(Q80,4),MID(Q80,4,2),LEFT(Q80,2)),ISNUMBER(SEARCH("/",Q80)),DATE(RIGHT(Q80,4),MID(Q80,4,2),LEFT(Q80,2)),TRUE,"Check Manually")} -> N/A | S80: =IF(OR(R80="Missing",R80="N/A",R80="Still Employed"),DATEDIF(O80,TODAY(),"y") &" Years, " &DATEDIF(O80,TODAY(),"ym") & " Months, "&DATEDIF(O80,TODAY(),"md") &" Days",DATEDIF(O80,R80,"y") &" Years, " &DATEDIF(O80,R80,"ym") & " Months, "&DATEDIF(O80,R80,"md") &" Days") -> 3 Years, 11 Months, 5 Days | T80: =VALUE(LEFT(S80,FIND(" Years",S80)-1))*365.25 + VALUE(MID(S80,FIND(", ",S80)+2,FIND(" Months",S80)-FIND(", ",S80)-2))*30.44 + VALUE(MID(S80,FIND("Months, ",S80)+8,FIND(" Days",S80)-FIND("Months, ",S80)-8)) -> 1435.59 | U80: {=_xlfn.IFS(OR(R80="Missing",R80="N/A",R80="Still Employed"),"Unknown",ISNUMBER(R80),"Exited",TRUE,"Unknown")} -> Unknown | V80: =IF(U80="Exited",YEAR(R80),"") | W80: =IF(OR(R80="Missing",R80="N/A",R80="Still Employed"),"Active","Exited") -> Active | X80: 36,368 | Y80: =TRIM(X80) -> 36,368 | Z80: {=_xlfn.IFS(Y80="","0",LEFT(Y80,5)="",Y80,LEFT(Y80,1)="₹",REPLACE(Y80,1,1,""),LEFT(Y80,4)="Rs. ",REPLACE(Y80,1,4,""),TRUE,Y80)} -> 36,368 | AA80: =SUBSTITUTE(Z80,",","") -> 36368 | AC80: =IF(AB80="","Not Rated",AB80) -> Not Rated | AD80: 23 | AE80: {=_xlfn.IFS(AD80="",0,AD80<0,"Negate Leave",AD80>=0,AD80)} -> 23
A81: 5296 | B81: Kapoor, Anita | C81: =IF(ISNUMBER(SEARCH(",",B81)), TRIM(MID(B81,FIND(",",B81)+1,LEN(B81))&" "&LEFT(B81,FIND(",",B81)-1)), B81) -> Anita Kapoor | D81: =PROPER(TRIM(C81)) -> Anita Kapoor | E81: female | F81: Engineering | G81: D01 | H81: =_xlfn.XLOOKUP(G81,Lookup_Tables!$A$4:$A$9,Lookup_Tables!$C$4:$C$9,"Not Found",0) -> Ananya Sen | I81: Chennai | J81: ritukapoor@companycom | K81: =IF(J81="","No Email ID",SUBSTITUTE(J81,"companycom","company.com")) -> ritukapoor@company.com | L81: +91-0342366712 | M81: =SUBSTITUTE(L81," ","") -> +91-0342366712 | N81: {=_xlfn.IFS(M81="","Incomplete",LEN(M81)<10,"Invalid",AND(LEN(M81) =10,LEFT(M81,4) <>"+91-"),"+91-"&M81,TRUE,M81)} -> +91-0342366712 | O81: 2022-04-30 | P81: 2024-10-06 | Q81: =IF(P81="","Missing",P81) -> 2024-10-06 | R81: {=_xlfn.IFS(OR(Q81="Missing",Q81="N/A",Q81="Still Employed"),Q81,ISNUMBER(SEARCH(",",Q81)),DATEVALUE(Q81),AND(ISNUMBER(SEARCH("-",Q81)),ISNUMBER(VALUE(LEFT(Q81,4)))),DATE(LEFT(Q81,4),MID(Q81,6,2),RIGHT(Q81,2)),ISNUMBER(SEARCH("-",Q81)),DATE(RIGHT(Q81,4),MID(Q81,4,2),LEFT(Q81,2)),ISNUMBER(SEARCH("/",Q81)),DATE(RIGHT(Q81,4),MID(Q81,4,2),LEFT(Q81,2)),TRUE,"Check Manually")} -> 45571 | S81: =IF(OR(R81="Missing",R81="N/A",R81="Still Employed"),DATEDIF(O81,TODAY(),"y") &" Years, " &DATEDIF(O81,TODAY(),"ym") & " Months, "&DATEDIF(O81,TODAY(),"md") &" Days",DATEDIF(O81,R81,"y") &" Years, " &DATEDIF(O81,R81,"ym") & " Months, "&DATEDIF(O81,R81,"md") &" Days") -> 2 Years, 5 Months, 6 Days | T81: =VALUE(LEFT(S81,FIND(" Years",S81)-1))*365.25 + VALUE(MID(S81,FIND(", ",S81)+2,FIND(" Months",S81)-FIND(", ",S81)-2))*30.44 + VALUE(MID(S81,FIND("Months, ",S81)+8,FIND(" Days",S81)-FIND("Months, ",S81)-8)) -> 888.7 | U81: {=_xlfn.IFS(OR(R81="Missing",R81="N/A",R81="Still Employed"),"Unknown",ISNUMBER(R81),"Exited",TRUE,"Unknown")} -> Exited | V81: =IF(U81="Exited",YEAR(R81),"") -> 2024 | W81: =IF(OR(R81="Missing",R81="N/A",R81="Still Employed"),"Active","Exited") -> Exited | X81: Rs. 156,030 | Y81: =TRIM(X81) -> Rs. 156,030 | Z81: {=_xlfn.IFS(Y81="","0",LEFT(Y81,5)="",Y81,LEFT(Y81,1)="₹",REPLACE(Y81,1,1,""),LEFT(Y81,4)="Rs. ",REPLACE(Y81,1,4,""),TRUE,Y81)} -> 156,030 | AA81: =SUBSTITUTE(Z81,",","") -> 156030 | AB81: Below Average | AC81: =IF(AB81="","Not Rated",AB81) -> Below Average | AD81: 24 | AE81: {=_xlfn.IFS(AD81="",0,AD81<0,"Negate Leave",AD81>=0,AD81)} -> 24
A82: 5004 | B82: Ritu Kapoor | C82: =IF(ISNUMBER(SEARCH(",",B82)), TRIM(MID(B82,FIND(",",B82)+1,LEN(B82))&" "&LEFT(B82,FIND(",",B82)-1)), B82) -> Ritu Kapoor | D82: =PROPER(TRIM(C82)) -> Ritu Kapoor | E82: Male | F82: Finance | G82: D05 | H82: =_xlfn.XLOOKUP(G82,Lookup_Tables!$A$4:$A$9,Lookup_Tables!$C$4:$C$9,"Not Found",0) -> Leela Iyer | I82: Mumbai | J82: karthikshah@companycom | K82: =IF(J82="","No Email ID",SUBSTITUTE(J82,"companycom","company.com")) -> karthikshah@company.com | L82: +91-8456370435 | M82: =SUBSTITUTE(L82," ","") -> +91-8456370435 | N82: {=_xlfn.IFS(M82="","Incomplete",LEN(M82)<10,"Invalid",AND(LEN(M82) =10,LEFT(M82,4) <>"+91-"),"+91-"&M82,TRUE,M82)} -> +91-8456370435 | O82: 2019-04-04 | P82: Nov 13, 2023 | Q82: =IF(P82="","Missing",P82) -> Nov 13, 2023 | R82: {=_xlfn.IFS(OR(Q82="Missing",Q82="N/A",Q82="Still Employed"),Q82,ISNUMBER(SEARCH(",",Q82)),DATEVALUE(Q82),AND(ISNUMBER(SEARCH("-",Q82)),ISNUMBER(VALUE(LEFT(Q82,4)))),DATE(LEFT(Q82,4),MID(Q82,6,2),RIGHT(Q82,2)),ISNUMBER(SEARCH("-",Q82)),DATE(RIGHT(Q82,4),MID(Q82,4,2),LEFT(Q82,2)),ISNUMBER(SEARCH("/",Q82)),DATE(RIGHT(Q82,4),MID(Q82,4,2),LEFT(Q82,2)),TRUE,"Check Manually")} -> 45243 | S82: =IF(OR(R82="Missing",R82="N/A",R82="Still Employed"),DATEDIF(O82,TODAY(),"y") &" Years, " &DATEDIF(O82,TODAY(),"ym") & " Months, "&DATEDIF(O82,TODAY(),"md") &" Days",DATEDIF(O82,R82,"y") &" Years, " &DATEDIF(O82,R82,"ym") & " Months, "&DATEDIF(O82,R82,"md") &" Days") -> 4 Years, 7 Months, 9 Days | T82: =VALUE(LEFT(S82,FIND(" Years",S82)-1))*365.25 + VALUE(MID(S82,FIND(", ",S82)+2,FIND(" Months",S82)-FIND(", ",S82)-2))*30.44 + VALUE(MID(S82,FIND("Months, ",S82)+8,FIND(" Days",S82)-FIND("Months, ",S82)-8)) -> 1683.08 | U82: {=_xlfn.IFS(OR(R82="Missing",R82="N/A",R82="Still Employed"),"Unknown",ISNUMBER(R82),"Exited",TRUE,"Unknown")} -> Exited | V82: =IF(U82="Exited",YEAR(R82),"") -> 2023 | W82: =IF(OR(R82="Missing",R82="N/A",R82="Still Employed"),"Active","Exited") -> Exited | Y82: =TRIM(X82) | Z82: {=_xlfn.IFS(Y82="","0",LEFT(Y82,5)="",Y82,LEFT(Y82,1)="₹",REPLACE(Y82,1,1,""),LEFT(Y82,4)="Rs. ",REPLACE(Y82,1,4,""),TRUE,Y82)} -> 0 | AA82: =SUBSTITUTE(Z82,",","") -> 0 | AB82: Average | AC82: =IF(AB82="","Not Rated",AB82) -> Average | AD82: -3 | AE82: {=_xlfn.IFS(AD82="",0,AD82<0,"Negate Leave",AD82>=0,AD82)} -> Negate Leave
A83: 5290 | B83: Karthik Shah | C83: =IF(ISNUMBER(SEARCH(",",B83)), TRIM(MID(B83,FIND(",",B83)+1,LEN(B83))&" "&LEFT(B83,FIND(",",B83)-1)), B83) -> Karthik Shah | D83: =PROPER(TRIM(C83)) -> Karthik Shah | E83: Female | F83: Marketing | G83: D04 | H83: =_xlfn.XLOOKUP(G83,Lookup_Tables!$A$4:$A$9,Lookup_Tables!$C$4:$C$9,"Not Found",0) -> Vivek Malhotra | I83: Mumbai | J83: manishshah@companycom | K83: =IF(J83="","No Email ID",SUBSTITUTE(J83,"companycom","company.com")) -> manishshah@company.com | L83: 2507469471 | M83: =SUBSTITUTE(L83," ","") -> 2507469471 | N83: {=_xlfn.IFS(M83="","Incomplete",LEN(M83)<10,"Invalid",AND(LEN(M83) =10,LEFT(M83,4) <>"+91-"),"+91-"&M83,TRUE,M83)} -> +91-2507469471 | O83: 2022-12-06 | Q83: =IF(P83="","Missing",P83) -> Missing | R83: {=_xlfn.IFS(OR(Q83="Missing",Q83="N/A",Q83="Still Employed"),Q83,ISNUMBER(SEARCH(",",Q83)),DATEVALUE(Q83),AND(ISNUMBER(SEARCH("-",Q83)),ISNUMBER(VALUE(LEFT(Q83,4)))),DATE(LEFT(Q83,4),MID(Q83,6,2),RIGHT(Q83,2)),ISNUMBER(SEARCH("-",Q83)),DATE(RIGHT(Q83,4),MID(Q83,4,2),LEFT(Q83,2)),ISNUMBER(SEARCH("/",Q83)),DATE(RIGHT(Q83,4),MID(Q83,4,2),LEFT(Q83,2)),TRUE,"Check Manually")} -> Missing | S83: =IF(OR(R83="Missing",R83="N/A",R83="Still Employed"),DATEDIF(O83,TODAY(),"y") &" Years, " &DATEDIF(O83,TODAY(),"ym") & " Months, "&DATEDIF(O83,TODAY(),"md") &" Days",DATEDIF(O83,R83,"y") &" Years, " &DATEDIF(O83,R83,"ym") & " Months, "&DATEDIF(O83,R83,"md") &" Days") -> 3 Years, 7 Months, 15 Days | T83: =VALUE(LEFT(S83,FIND(" Years",S83)-1))*365.25 + VALUE(MID(S83,FIND(", ",S83)+2,FIND(" Months",S83)-FIND(", ",S83)-2))*30.44 + VALUE(MID(S83,FIND("Months, ",S83)+8,FIND(" Days",S83)-FIND("Months, ",S83)-8)) -> 1323.83 | U83: {=_xlfn.IFS(OR(R83="Missing",R83="N/A",R83="Still Employed"),"Unknown",ISNUMBER(R83),"Exited",TRUE,"Unknown")} -> Unknown | V83: =IF(U83="Exited",YEAR(R83),"") | W83: =IF(OR(R83="Missing",R83="N/A",R83="Still Employed"),"Active","Exited") -> Active | X83: ₹93,431 | Y83: =TRIM(X83) -> ₹93,431 | Z83: {=_xlfn.IFS(Y83="","0",LEFT(Y83,5)="",Y83,LEFT(Y83,1)="₹",REPLACE(Y83,1,1,""),LEFT(Y83,4)="Rs. ",REPLACE(Y83,1,4,""),TRUE,Y83)} -> 93,431 | AA83: =SUBSTITUTE(Z83,",","") -> 93431 | AB83: Poor | AC83: =IF(AB83="","Not Rated",AB83) -> Poor | AD83: 6 | AE83: {=_xlfn.IFS(AD83="",0,AD83<0,"Negate Leave",AD83>=0,AD83)} -> 6
A84: 5090 | B84: Shah, Manish | C84: =IF(ISNUMBER(SEARCH(",",B84)), TRIM(MID(B84,FIND(",",B84)+1,LEN(B84))&" "&LEFT(B84,FIND(",",B84)-1)), B84) -> Manish Shah | D84: =PROPER(TRIM(C84)) -> Manish Shah | E84: Male | F84: Customer Support | G84: D06 | H84: =_xlfn.XLOOKUP(G84,Lookup_Tables!$A$4:$A$9,Lookup_Tables!$C$4:$C$9,"Not Found",0) -> Faisal Ahmed | I84: Mumbai | J84: suresh.saxena@company.com | K84: =IF(J84="","No Email ID",SUBSTITUTE(J84,"companycom","company.com")) -> suresh.saxena@company.com | L84: +91-6450241555 | M84: =SUBSTITUTE(L84," ","") -> +91-6450241555 | N84: {=_xlfn.IFS(M84="","Incomplete",LEN(M84)<10,"Invalid",AND(LEN(M84) =10,LEFT(M84,4) <>"+91-"),"+91-"&M84,TRUE,M84)} -> +91-6450241555 | O84: 2019-02-04 | Q84: =IF(P84="","Missing",P84) -> Missing | R84: {=_xlfn.IFS(OR(Q84="Missing",Q84="N/A",Q84="Still Employed"),Q84,ISNUMBER(SEARCH(",",Q84)),DATEVALUE(Q84),AND(ISNUMBER(SEARCH("-",Q84)),ISNUMBER(VALUE(LEFT(Q84,4)))),DATE(LEFT(Q84,4),MID(Q84,6,2),RIGHT(Q84,2)),ISNUMBER(SEARCH("-",Q84)),DATE(RIGHT(Q84,4),MID(Q84,4,2),LEFT(Q84,2)),ISNUMBER(SEARCH("/",Q84)),DATE(RIGHT(Q84,4),MID(Q84,4,2),LEFT(Q84,2)),TRUE,"Check Manually")} -> Missing | S84: =IF(OR(R84="Missing",R84="N/A",R84="Still Employed"),DATEDIF(O84,TODAY(),"y") &" Years, " &DATEDIF(O84,TODAY(),"ym") & " Months, "&DATEDIF(O84,TODAY(),"md") &" Days",DATEDIF(O84,R84,"y") &" Years, " &DATEDIF(O84,R84,"ym") & " Months, "&DATEDIF(O84,R84,"md") &" Days") -> 7 Years, 5 Months, 17 Days | T84: =VALUE(LEFT(S84,FIND(" Years",S84)-1))*365.25 + VALUE(MID(S84,FIND(", ",S84)+2,FIND(" Months",S84)-FIND(", ",S84)-2))*30.44 + VALUE(MID(S84,FIND("Months, ",S84)+8,FIND(" Days",S84)-FIND("Months, ",S84)-8)) -> 2725.95 | U84: {=_xlfn.IFS(OR(R84="Missing",R84="N/A",R84="Still Employed"),"Unknown",ISNUMBER(R84),"Exited",TRUE,"Unknown")} -> Unknown | V84: =IF(U84="Exited",YEAR(R84),"") | W84: =IF(OR(R84="Missing",R84="N/A",R84="Still Employed"),"Active","Exited") -> Active | X84: 141821 | Y84: =TRIM(X84) -> 141821 | Z84: {=_xlfn.IFS(Y84="","0",LEFT(Y84,5)="",Y84,LEFT(Y84,1)="₹",REPLACE(Y84,1,1,""),LEFT(Y84,4)="Rs. ",REPLACE(Y84,1,4,""),TRUE,Y84)} -> 141821 | AA84: =SUBSTITUTE(Z84,",","") -> 141821 | AB84: Good | AC84: =IF(AB84="","Not Rated",AB84) -> Good | AD84: 22 | AE84: {=_xlfn.IFS(AD84="",0,AD84<0,"Negate Leave",AD84>=0,AD84)} -> 22
A85: 5272 | B85: suresh saxena | C85: =IF(ISNUMBER(SEARCH(",",B85)), TRIM(MID(B85,FIND(",",B85)+1,LEN(B85))&" "&LEFT(B85,FIND(",",B85)-1)), B85) -> suresh saxena | D85: =PROPER(TRIM(C85)) -> Suresh Saxena | E85: Female | F85: HR | G85: D03 | H85: =_xlfn.XLOOKUP(G85,Lookup_Tables!$A$4:$A$9,Lookup_Tables!$C$4:$C$9,"Not Found",0) -> Sunita Rao | I85: Mumbai | J85: meenal.naidu@company.com | K85: =IF(J85="","No Email ID",SUBSTITUTE(J85,"companycom","company.com")) -> meenal.naidu@company.com | L85: +91-4436200830 | M85: =SUBSTITUTE(L85," ","") -> +91-4436200830 | N85: {=_xlfn.IFS(M85="","Incomplete",LEN(M85)<10,"Invalid",AND(LEN(M85) =10,LEFT(M85,4) <>"+91-"),"+91-"&M85,TRUE,M85)} -> +91-4436200830 | O85: 2020-10-08 | Q85: =IF(P85="","Missing",P85) -> Missing | R85: {=_xlfn.IFS(OR(Q85="Missing",Q85="N/A",Q85="Still Employed"),Q85,ISNUMBER(SEARCH(",",Q85)),DATEVALUE(Q85),AND(ISNUMBER(SEARCH("-",Q85)),ISNUMBER(VALUE(LEFT(Q85,4)))),DATE(LEFT(Q85,4),MID(Q85,6,2),RIGHT(Q85,2)),ISNUMBER(SEARCH("-",Q85)),DATE(RIGHT(Q85,4),MID(Q85,4,2),LEFT(Q85,2)),ISNUMBER(SEARCH("/",Q85)),DATE(RIGHT(Q85,4),MID(Q85,4,2),LEFT(Q85,2)),TRUE,"Check Manually")} -> Missing | S85: =IF(OR(R85="Missing",R85="N/A",R85="Still Employed"),DATEDIF(O85,TODAY(),"y") &" Years, " &DATEDIF(O85,TODAY(),"ym") & " Months, "&DATEDIF(O85,TODAY(),"md") &" Days",DATEDIF(O85,R85,"y") &" Years, " &DATEDIF(O85,R85,"ym") & " Months, "&DATEDIF(O85,R85,"md") &" Days") -> 5 Years, 9 Months, 13 Days | T85: =VALUE(LEFT(S85,FIND(" Years",S85)-1))*365.25 + VALUE(MID(S85,FIND(", ",S85)+2,FIND(" Months",S85)-FIND(", ",S85)-2))*30.44 + VALUE(MID(S85,FIND("Months, ",S85)+8,FIND(" Days",S85)-FIND("Months, ",S85)-8)) -> 2113.21 | U85: {=_xlfn.IFS(OR(R85="Missing",R85="N/A",R85="Still Employed"),"Unknown",ISNUMBER(R85),"Exited",TRUE,"Unknown")} -> Unknown | V85: =IF(U85="Exited",YEAR(R85),"") | W85: =IF(OR(R85="Missing",R85="N/A",R85="Still Employed"),"Active","Exited") -> Active | Y85: =TRIM(X85) | Z85: {=_xlfn.IFS(Y85="","0",LEFT(Y85,5)="",Y85,LEFT(Y85,1)="₹",REPLACE(Y85,1,1,""),LEFT(Y85,4)="Rs. ",REPLACE(Y85,1,4,""),TRUE,Y85)} -> 0 | AA85: =SUBSTITUTE(Z85,",","") -> 0 | AB85: Below Average | AC85: =IF(AB85="","Not Rated",AB85) -> Below Average | AD85: 17 | AE85: {=_xlfn.IFS(AD85="",0,AD85<0,"Negate Leave",AD85>=0,AD85)} -> 17
A86: 5340 | B86: MEENAL NAIDU | C86: =IF(ISNUMBER(SEARCH(",",B86)), TRIM(MID(B86,FIND(",",B86)+1,LEN(B86))&" "&LEFT(B86,FIND(",",B86)-1)), B86) -> MEENAL NAIDU | D86: =PROPER(TRIM(C86)) -> Meenal Naidu | E86: Female | F86: Engineering | G86: D01 | H86: =_xlfn.XLOOKUP(G86,Lookup_Tables!$A$4:$A$9,Lookup_Tables!$C$4:$C$9,"Not Found",0) -> Ananya Sen | I86: Pune | J86: shreya.desai@company.com | K86: =IF(J86="","No Email ID",SUBSTITUTE(J86,"companycom","company.com")) -> shreya.desai@company.com | L86: +91-6243180733 | M86: =SUBSTITUTE(L86," ","") -> +91-6243180733 | N86: {=_xlfn.IFS(M86="","Incomplete",LEN(M86)<10,"Invalid",AND(LEN(M86) =10,LEFT(M86,4) <>"+91-"),"+91-"&M86,TRUE,M86)} -> +91-6243180733 | O86: 2023-05-12 | Q86: =IF(P86="","Missing",P86) -> Missing | R86: {=_xlfn.IFS(OR(Q86="Missing",Q86="N/A",Q86="Still Employed"),Q86,ISNUMBER(SEARCH(",",Q86)),DATEVALUE(Q86),AND(ISNUMBER(SEARCH("-",Q86)),ISNUMBER(VALUE(LEFT(Q86,4)))),DATE(LEFT(Q86,4),MID(Q86,6,2),RIGHT(Q86,2)),ISNUMBER(SEARCH("-",Q86)),DATE(RIGHT(Q86,4),MID(Q86,4,2),LEFT(Q86,2)),ISNUMBER(SEARCH("/",Q86)),DATE(RIGHT(Q86,4),MID(Q86,4,2),LEFT(Q86,2)),TRUE,"Check Manually")} -> Missing | S86: =IF(OR(R86="Missing",R86="N/A",R86="Still Employed"),DATEDIF(O86,TODAY(),"y") &" Years, " &DATEDIF(O86,TODAY(),"ym") & " Months, "&DATEDIF(O86,TODAY(),"md") &" Days",DATEDIF(O86,R86,"y") &" Years, " &DATEDIF(O86,R86,"ym") & " Months, "&DATEDIF(O86,R86,"md") &" Days") -> 3 Years, 2 Months, 9 Days | T86: =VALUE(LEFT(S86,FIND(" Years",S86)-1))*365.25 + VALUE(MID(S86,FIND(", ",S86)+2,FIND(" Months",S86)-FIND(", ",S86)-2))*30.44 + VALUE(MID(S86,FIND("Months, ",S86)+8,FIND(" Days",S86)-FIND("Months, ",S86)-8)) -> 1165.63 | U86: {=_xlfn.IFS(OR(R86="Missing",R86="N/A",R86="Still Employed"),"Unknown",ISNUMBER(R86),"Exited",TRUE,"Unknown")} -> Unknown | V86: =IF(U86="Exited",YEAR(R86),"") | W86: =IF(OR(R86="Missing",R86="N/A",R86="Still Employed"),"Active","Exited") -> Active | X86: 154184 | Y86: =TRIM(X86) -> 154184 | Z86: {=_xlfn.IFS(Y86="","0",LEFT(Y86,5)="",Y86,LEFT(Y86,1)="₹",REPLACE(Y86,1,1,""),LEFT(Y86,4)="Rs. ",REPLACE(Y86,1,4,""),TRUE,Y86)} -> 154184 | AA86: =SUBSTITUTE(Z86,",","") -> 154184 | AB86: Average | AC86: =IF(AB86="","Not Rated",AB86) -> Average | AD86: -3 | AE86: {=_xlfn.IFS(AD86="",0,AD86<0,"Negate Leave",AD86>=0,AD86)} -> Negate Leave
